"APOGEE_ID","cluster"
"2M16234899-2629191",1
"2M00225174-7214375",2
"2M13252028-4714003",3
"2M13252455-4727117",3
"2M13262875-4732028",4
"2M18133324-3150194",1
"2M13254785-4728443",5
"2M12391700-2645385",5
"2M17404671-5347497",4
"2M16413200+3628299",6
"2M13274361-4732470",3
"2M19400052-3059547",4
"2M00231184-7158283",2
"2M13261324-4717578",3
"2M13271705-4724065",3
"2M13255187-4715351",3
"2M13274499-4722402",7
"2M13260080-4735131",5
"2M13261351-4727088",8
"2M13260158-4733060",6
"2M13275553-4724067",4
"2M13263500-4729251",5
"2M13263210-4720118",5
"2M13260543-4717515",3
"2M13252191-4720591",4
"2M18363324-2355445",3
"2M17362537-4444033",6
"2M19111132-6001077",7
"2M18361724-2354114",4
"2M06490382-3600299",5
"2M00213726-7203389",2
"2M19535794+1849535",2
"2M13420842+2823041",7
"2M10181579-4621512",6
"2M16232141-2628335",1
"2M13270118-4720409",1
"2M13162073+1741059",4
"2M10174650-4627172",5
"2M18362302-2349299",5
"2M00223046-7210432",2
"2M13273772-4725175",1
"2M13260538-4732203",4
"2M00250679-7203153",2
"2M13272388-4716409",3
"2M18371630-2359254",3
"2M18360136-2358051",5
"2M13262176-4731222",1
"2M19535150+1848059",2
"2M18351361-2348237",4
"2M10174489-4624064",7
"2M19532169+1848015",2
"2M09121256-6456245",7
"2M21295572+1211338",4
"2M16221619-2636115",1
"2M13252619-4730521",3
"2M13271156-4722009",5
"2M17170033+4311478",5
"2M10180421-4621147",7
"2M00225689-7207417",2
"2M05240960-2430265",7
"2M13270168-4735094",8
"2M19400303-3052192",5
"2M13270749-4723410",3
"2M13425083+2827576",7
"2M13250065-4728265",3
"2M13271836-4736504",3
"2M13260274-4725084",8
"2M10174292-4622483",6
"2M13262974-4725184",8
"2M13263191-4724278",4
"2M13255205-4736572",4
"2M00244515-7159451",2
"2M13261408-4726354",5
"2M17313165-3949120",4
"2M13274186-4713226",3
"2M13255879-4729212",1
"2M16233144-2630247",1
"2M16234091-2637234",1
"2M13265793-4733553",5
"2M18364261-2350524",4
"2M17023481-2617152",4
"2M13264631-4747334",3
"2M13274500-4739417",8
"2M13254667-4722158",3
"2M00231074-7159158",2
"2M13274574-4730146",3
"2M19110434-5954152",5
"2M10173618-4630587",7
"2M05141724-4002080",7
"2M01033841-7052047",7
"2M18371612-2405007",3
"2M15182924+0202063",6
"2M19103868-5958568",4
"2M13272297-4725187",4
"2M13124082+1811099",4
"2M10172578-4621366",3
"2M13260591-4723002",8
"2M13274135-4719134",4
"2M13265515-4722403",8
"2M09115707-6451296",6
"2M13414871+2820024",4
"2M13270960-4720514",4
"2M16235015-2632194",1
"2M19110303-6001489",4
"2M00215813-7158147",2
"2M17303796-3135329",4
"2M09121664-6452028",7
"2M13242573-4725164",5
"2M16470347-0158135",1
"2M13264907-4732279",4
"2M09105058-6454059",6
"2M13415816+2815518",6
"2M05135883-4003363",2
"2M13265160-4728036",5
"2M13264741-4734452",8
"2M18364731-2348494",4
"2M13260339-4733280",3
"2M18593255-3641374",1
"2M17401476-5341440",4
"2M13264421-4733572",7
"2M16421482+3627199",7
"2M16243376-2626347",1
"2M17400904-5342360",4
"2M16232611-2630402",1
"2M17362872-4445439",6
"2M00232264-7211417",2
"2M05240730-2433590",6
"2M19531442+1849431",2
"2M13264234-4727312",5
"2M16225050-2642162",1
"2M00224352-7207096",2
"2M00531493-2633524",3
"AP18360488-2407575",8
"2M13261622-4742126",8
"2M18551539-3030010",6
"2M18550103-2239422",5
"2M13261577-4725153",8
"2M18360909-2353260",3
"2M16465198-0148182",3
"2M10174666-4610124",6
"2M12395148-2651463",5
"2M16233768-2620381",1
"2M16470663-0156314",1
"2M21294862+1211457",8
"2M17311196-2958587",1
"2M16231007-2632137",1
"2M19395981-3059272",5
"2M13252233-4734503",5
"2M19111022-5959484",8
"2M09121452-6455239",6
"2M13270984-4739443",7
"2M13264135-4735290",3
"2M13272933-4737363",3
"2M13262041-4711471",4
"2M13255351-4729442",4
"2M17354244-4446197",6
"2M13260995-4723153",3
"2M15180078+0211530",6
"2M05140766-4002300",7
"2M13273185-4741204",4
"2M19094701-6004229",3
"2M10170486-4637207",7
"2M00251614-7201359",2
"2M13251946-4723332",3
"2M19392469-3055190",5
"2M19400475-3051026",4
"2M16464071-0200395",7
"2M00230028-7208413",2
"2M18550623-3030561",6
"2M19105674-5957053",6
"2M18365365-2355594",3
"2M15181075+0212356",4
"2M16413476+3627596",6
"2M13264646-4737461",3
"2M13265569-4723404",5
"2M16223337-2638041",1
"2M15181666+0159496",7
"2M16473094-0159397",3
"2M13124794+1806320",5
"2M18353525-2354433",4
"2M10185909-4634376",6
"2M13261552-4714354",3
"2M18361709-2403449",7
"2M16465650-0203074",5
"2M05241241-2431064",5
"2M00231968-7201113",2
"2M19532802+1847281",2
"2M16231122-2640444",1
"2M16405539+3635433",3
"2M00232078-7205508",2
"2M16413082+3630130",7
"2M13270973-4738459",5
"2M17434331-2610217",2
"2M13264787-4737520",3
"2M16232798-2630340",1
"2M21300316+1213286",8
"2M00232825-7207580",2
"2M16234091-2630093",1
"2M13261688-4732165",4
"2M18030009-2603567",4
"2M13254425-4724316",7
"2M13255299-4737281",3
"2M18013260-2651182",1
"2M13254864-4729035",4
"2M13263972-4721231",4
"2M18362643-2353563",5
"2M00523540-2637433",3
"2M13265413-4738413",3
"2M05240217-2431172",6
"2M15183948+0210458",5
"2M13262299-4740371",3
"2M13421546+2822499",6
"2M13270655-4718399",8
"2M19092679-6003554",4
"2M00241883-7159192",2
"2M18315518-2328466",1
"2M16471769-0159098",5
"2M13262962-4723413",6
"2M13272801-4717215",3
"2M16570778-0406059",6
"2M01024330-7048480",6
"2M19533964+1841466",2
"2M09114135-6454452",6
"2M13262643-4736438",3
"2M13262245-4723549",8
"2M13262941-4722094",4
"2M13271019-4736068",8
"2M16235228-2630252",1
"2M00244811-7158207",2
"2M13274582-4722594",4
"2M13260948-4748072",3
"2M19105638-5948053",4
"2M13264192-4740471",8
"2M13412055+2811492",7
"2M19533778+1850014",2
"2M13265528-4731438",3
"2M13263012-4726103",5
"2M13274995-4721237",3
"2M13272703-4709421",3
"2M13262204-4728282",8
"2M19400407-3058206",4
"2M09130699-6500077",6
"2M13273904-4720093",8
"2M13270111-4737535",3
"2M10162114-4613529",6
"2M00221530-7207096",2
"2M13413405+2817366",6
"2M13421435+2821228",6
"2M13271638-4723579",8
"2M00250570-7201545",2
"2M13261177-4731166",3
"2M16474219-0153063",3
"2M18353841-2348125",4
"2M13260294-4733290",1
"2M17022878-2614320",7
"2M18371745-2339203",4
"2M13270440-4720415",3
"2M18355624-2354091",3
"2M06485948-3559426",8
"2M13261643-4728305",3
"2M09120979-6448331",6
"2M16570359-0404388",5
"2M13272101-4734496",4
"2M13260217-4728484",5
"2M00233869-7201501",2
"2M18545435-3033430",6
"2M09113946-6453012",7
"2M18363817-2359061",5
"2M00522151-2632418",5
"2M13251340-4721113",4
"2M15183484+0206165",6
"2M17403885-5339252",5
"2M13265674-4720527",7
"2M13254924-4740258",5
"2M16415024+3629431",5
"2M17024032-2617400",6
"2M18362119-2359569",4
"2M18361650-2355134",4
"2M15175895+0206239",7
"2M13423316+2818484",7
"2M00525849-2630555",1
"2M18361059-2356357",3
"2M10180716-4632203",7
"2M15182262+0200305",7
"2M16413327+3632285",4
"2M13264237-4727404",4
"2M17163393-2811052",2
"2M13263297-4713031",3
"2M19104899-5958032",4
"2M16324155-1302038",1
"2M00230716-7203053",2
"2M13424924+2823523",7
"2M16231885-2634273",1
"2M17164048-2808443",2
"2M18354542-2352285",8
"2M18361712-2357330",4
"2M13261317-4723286",4
"2M13253844-4724017",8
"2M13260647-4732095",4
"2M05241172-2430038",7
"2M05142874-4003159",6
"2M00230630-7211106",2
"2M13255089-4702527",7
"2M17023708-2618038",6
"2M13260351-4726312",4
"2M18362013-2356459",7
"2M16240571-2633009",1
"2M19400406-3059593",4
"2M19395693-3100367",5
"2M13261217-4725305",7
"2M18590940-3640192",5
"2M13421593+2820363",7
"2M18013688-2650498",6
"2M13272418-4734209",1
"2M13263730-4725222",8
"2M17355032-4446193",6
"2M13255166-4732085",4
"2M16231459-2630469",1
"2M13273697-4712222",3
"2M13261946-4722533",4
"2M10160748-4615161",7
"2M19113195-5950239",8
"2M13260075-4732026",8
"2M15184187+0205537",6
"2M18361833-2351477",4
"2M13263895-4712163",8
"2M18360883-2357546",4
"2M01041799-7047304",6
"2M13261441-4730593",3
"2M00225813-7159328",2
"2M21331948-0051034",6
"2M13252118-4744039",3
"2M00252724-7215067",2
"2M13280236-4714453",5
"2M13262921-4731092",1
"2M01025013-7051463",7
"2M13272653-4730324",8
"2M18550396-3028373",6
"2M13271771-4726442",8
"2M18355407-2345317",5
"2M13244450-4735071",4
"2M05135029-4002069",6
"2M19395598-3059160",4
"2M06490301-3559100",7
"2M15183086+0212167",7
"2M19102983-5955255",4
"2M15190237+0204586",1
"2M15182014+0203321",7
"2M00524112-2633271",7
"2M19103906-5957504",8
"2M18355461-2346412",4
"2M00232178-7155569",2
"2M00230515-7204280",2
"2M18360218-2356506",7
"2M09125933-6501589",6
"2M18355002-2357417",7
"2M18371722-2344083",3
"2M13260938-4727512",4
"2M13250968-4727185",5
"2M00213487-7208257",2
"2M13272455-4725469",8
"2M16472651-0156319",1
"2M13260188-4726592",5
"2M16471184-0159574",5
"2M16241586-2635066",1
"2M13265064-4738211",3
"2M13262948-4736424",3
"2M13262690-4735556",8
"2M18550290-3024498",6
"2M13271217-4724408",7
"2M13422468+2823284",8
"2M00254702-7159035",2
"2M13274233-4722388",5
"2M13420673+2820567",6
"2M13262601-4730135",6
"2M13262946-4716517",3
"2M09123679-6451449",8
"2M13270949-4722243",8
"2M13265020-4721474",8
"2M13261354-4727346",5
"2M13420761+2821254",6
"2M13255300-4736177",5
"2M13250896-4729490",3
"2M13263890-4734123",3
"2M13273368-4723294",3
"2M13250787-4732253",8
"2M13273365-4736121",4
"2M16471892-0155508",2
"2M13253033-4723345",3
"2M10174576-4628242",6
"2M19115233-5958527",3
"2M16233741-2638238",1
"2M05241154-2431382",5
"2M13252665-4736205",5
"2M18362479-2354578",4
"2M13261594-4736517",3
"2M13274208-4739327",5
"2M13251378-4731312",7
"2M17405503-5334587",5
"2M19100057-5955129",4
"2M15184209+0204094",6
"2M13254946-4740014",4
"2M09132085-6447447",7
"2M17101271-2635054",4
"2M15182324+0159163",6
"2M17170351+4306147",8
"2M13261900-4731156",8
"2M17410170-5341358",5
"2M13260145-4723322",8
"2M19101494-5959134",4
"2M06485619-3602261",5
"2M13261171-4728283",7
"2M00251150-7202016",2
"2M10164531-4622396",6
"2M13270732-4721036",3
"2M21295931+1209116",5
"2M05240623-2433312",6
"2M00252327-7202375",2
"2M01031025-7050157",6
"2M13261043-4712414",5
"2M09121513-6449487",6
"2M13263279-4723019",5
"2M16321971-1301196",1
"2M18551137-3032350",7
"2M18545878-3025352",6
"2M18550374-2243303",1
"2M15181110+0203360",7
"2M13265157-4723559",4
"2M13271857-4721323",5
"2M13264780-4732084",7
"2M13264860-4715191",3
"2M13412683+2823443",6
"2M13270947-4728100",4
"2M13251218-4736090",3
"2M15181926+0202295",6
"2M19112754-6009239",4
"2M17363110-4442350",6
"2M13250671-4726526",8
"2M13261091-4732460",3
"2M13274154-4715386",5
"2M13261596-4723495",3
"2M16413053+3629434",6
"2M17023424-2615437",3
"2M16225536-2618213",1
"2M13253677-4742452",3
"2M18363754-2351513",4
"2M00525293-2637582",1
"2M13261891-4728502",8
"2M19392958-3050089",8
"2M13242041-4719352",1
"2M13261081-4747552",3
"2M16233657-2630200",1
"2M13260787-4729185",5
"2M17361279-4441506",6
"2M10180369-4632086",7
"2M21332068-0050432",6
"2M13130442+1808556",5
"2M18101117-3144580",1
"2M13260733-4731328",8
"2M13274358-4718105",8
"2M13274509-4737457",3
"2M17401170-5339263",4
"2M16225688-2609233",1
"2M16413707+3630378",7
"2M13264126-4731593",4
"2M16570277-0410209",7
"2M00231072-7156009",2
"2M19534905+1846003",2
"2M00530082-2636440",5
"2M13261904-4735019",3
"2M16233658-2632294",1
"2M16233579-2630422",1
"2M13270057-4728335",1
"2M12392421-2645169",5
"2M17403892-5345252",4
"2M00265998-7210312",2
"2M16235570-2639006",1
"2M09112249-6455232",7
"2M09121403-6448427",7
"2M13260235-4738146",3
"2M13264441-4724439",5
"2M13254363-4727048",5
"2M13261002-4736326",5
"2M13273668-4721153",7
"2M13262712-4717014",4
"2M13261835-4725381",8
"2M13272404-4752029",5
"2M13263584-4725412",8
"2M13271074-4731581",4
"2M15180407+0205557",6
"2M13253337-4730395",3
"2M18362303-2349195",3
"2M16232008-2632415",1
"2M13263603-4726542",5
"2M13262415-4723174",8
"2M13271883-4728191",8
"2M00240336-7155473",2
"2M00240720-7201285",2
"2M13130531+1814508",5
"2M19094091-6003364",7
"2M13261915-4725580",3
"2M13245823-4735186",3
"2M00230915-7202417",2
"2M01023473-7053228",7
"2M18013753-2649529",6
"2M13261778-4716548",3
"2M13260891-4732263",3
"2M13130467+1810594",7
"2M13271147-4719104",4
"2M13254932-4728078",8
"2M09104086-6453277",6
"2M16470900-0150375",1
"2M13263354-4724558",3
"2M05135671-4001016",6
"2M10172226-4614506",7
"2M16231545-2638471",1
"2M13275655-4722387",3
"2M10174761-4627479",6
"2M16465095+4731163",7
"2M13260198-4717420",3
"2M13423482+2826148",5
"2M16231483-2635261",1
"2M00230792-7200571",2
"2M13254114-4738213",5
"2M19394319-3056519",4
"2M13252766-4734077",8
"2M16233996-2628490",1
"2M18364594-2342386",3
"2M18071474-2454595",5
"2M15181803+0203503",5
"2M16464680-0158500",1
"2M13413631+2821243",6
"2M13263341-4722442",8
"2M13262149-4723371",8
"2M09122317-6451325",6
"2M16470445-0157487",5
"2M13260403-4707293",7
"2M13260566-4733483",4
"2M13261070-4731201",5
"2M01031428-7051581",6
"2M00525279-2634388",5
"2M13262319-4736334",4
"2M09110738-6439475",6
"2M18361137-2355323",4
"2M13260932-4718271",8
"2M00261840-7206369",2
"2M15182435+0201574",6
"2M00251382-7159103",2
"2M13262174-4726159",8
"2M13271570-4726022",3
"2M13262848-4745508",3
"2M13420737+2819485",5
"2M13273003-4740459",4
"2M13261774-4738549",7
"2M01021469-7052474",6
"2M01022062-7049129",6
"2M13264792-4721066",3
"2M16240858-2624552",1
"2M13262811-4719238",8
"2M09113333-6454092",6
"2M00264045-7201170",2
"2M19392427-3058458",4
"2M01032173-7048403",6
"2M00204027-7201425",2
"2M13261720-4702559",3
"2M13262094-4728292",8
"2M13272004-4732062",7
"2M13255061-4723220",5
"2M17163627-2807166",2
"2M00224014-7211467",2
"2M00262057-7146225",2
"2M18070657-2500417",4
"2M13260022-4732221",5
"2M18072114-2458359",4
"2M13260673-4724456",3
"2M13265258-4726427",4
"2M13270419-4723356",8
"2M13243074-4724264",7
"2M18544430-3024288",6
"2M16565499-0405464",4
"2M16234321-2631539",1
"2M16231753-2637416",1
"2M13262625-4736166",8
"2M18364528-2356103",8
"2M13261523-4730245",8
"2M13415318+2819255",6
"2M19393864-3048329",5
"2M13263121-4714258",8
"2M09115719-6449144",6
"2M13415152+2823224",6
"2M17170588+4310171",4
"2M17480857-2446033",2
"2M13251733-4741357",5
"2M18550213-3033093",6
"2M13273402-4721136",3
"2M18362110-2355036",3
"2M00231818-7207466",2
"2M13262660-4721426",5
"2M00523688-2630586",1
"2M18014786-2749080",1
"2M00525460-2637084",5
"2M10180676-4614205",7
"2M13281672-4716461",5
"2M19104380-5959416",5
"2M17023530-2615184",6
"2M01031095-7051544",7
"2M13263213-4721438",5
"2M13260823-4734468",8
"2M13264453-4736325",7
"2M13261693-4749588",7
"2M18361561-2355015",6
"2M16470907-0156355",5
"2M13261288-4726029",4
"2M13262208-4721346",3
"2M16223348-2631308",1
"2M05141453-4002134",7
"2M16571705-0413268",6
"2M18360036-2356081",5
"2M13272577-4728065",3
"2M00224100-7201462",2
"2M21300554+1211049",5
"2M13255837-4708566",5
"2M00232094-7205183",2
"2M17165994+4309307",3
"2M13261305-4727535",5
"2M19101237-6000379",4
"2M17165652+4308156",3
"2M13282712-4721289",4
"2M16470397-0201322",1
"2M16472413-0152522",7
"2M15190407+0205255",6
"2M13254896-4728481",4
"2M13270802-4724376",3
"2M01025315-7050308",7
"2M17171307+4309483",4
"2M16412975+3631563",4
"2M13260003-4730196",8
"2M13273470-4721002",1
"2M19392981-3101401",5
"2M13254272-4737331",3
"2M16472740-0200247",5
"2M13261437-4734574",5
"2M16322415-1301106",1
"2M13263280-4715344",3
"2M19393281-3101360",4
"2M18363572-2350595",8
"2M00220136-7213182",2
"2M13263715-4719005",5
"2M13272816-4730148",4
"2M17405934-5343200",4
"2M13273278-4731463",3
"2M17023286-2616475",7
"2M13270079-4737233",3
"2M18315542-2329078",1
"2M13420954+2819531",7
"2M00232926-7204483",2
"2M15182984+0205377",4
"2M13255995-4726308",3
"2M18362352-2352163",4
"2M18363657-2347301",6
"2M13264041-4719065",3
"2M16232330-2634231",1
"2M00230975-7211184",2
"2M13262811-4733493",8
"2M17404013-5330589",5
"2M09115667-6447004",6
"2M13421266+2820420",6
"2M13280345-4717596",8
"2M10183284-4640081",7
"2M13254864-4728353",7
"2M17391019-5333463",5
"2M18362688-2353026",4
"2M00250809-7204092",2
"2M13273138-4727165",3
"2M18362891-2351018",4
"2M13270662-4746418",3
"2M13272683-4725421",8
"2M13261679-4726299",8
"2M13253784-4720033",4
"2M17342588-3901406",2
"2M13243923-4726238",3
"2M13250783-4727218",3
"2M16571077-0406423",5
"2M19113577-5955024",4
"2M13261630-4733026",8
"2M19400434-3103459",4
"2M13270804-4718113",8
"2M13264352-4723199",7
"2M19392133-3110241",4
"2M15183223+0201341",7
"2M13275384-4722118",3
"2M17163330-2808396",2
"2M13245551-4735256",4
"2M00524519-2634582",1
"2M17403911-5342543",4
"2M13265070-4721066",1
"2M18355905-2357329",5
"2M13270256-4738185",4
"2M13273087-4740115",4
"2M13262032-4730381",6
"2M16324438-1302217",2
"2M13252320-4742195",3
"2M13262366-4742424",8
"2M16571789-0404211",5
"2M00251663-7202101",2
"2M10175204-4614066",7
"2M13260788-4726379",3
"2M15185515+0214337",7
"2M09120949-6452174",6
"2M17355519-4448067",6
"2M18353380-2359353",4
"2M13263276-4717521",8
"2M13254401-4725379",8
"2M13261585-4731054",8
"2M13271573-4723192",5
"2M15191396+0207141",4
"2M13261121-4714297",8
"2M16232988-2631490",1
"2M10160017-4611131",7
"2M13265800-4730387",4
"2M13422632+2805193",5
"2M15182768+0202411",6
"2M18363788-2404372",5
"2M16230520-2627322",1
"2M13261942-4723346",1
"2M13414361+2822204",6
"2M05140673-4001298",7
"2M13273607-4724022",8
"2M18545470-3027044",6
"2M16471104-0158363",1
"2M13273110-4758561",5
"2M15184497+0202168",7
"2M13261288-4736165",4
"2M13273365-4722442",3
"2M00235701-7202185",2
"2M13261581-4724563",3
"2M18370901-2401378",4
"2M13273132-4724150",1
"2M16415681+3641510",4
"2M16322581-1302580",1
"2M13261070-4732058",3
"2M13270334-4746305",4
"2M13272956-4726508",3
"2M05134935-4003158",6
"2M17343139-3904352",2
"2M13263925-4735179",4
"2M18355049-2357455",3
"2M18363632-2354021",7
"2M21295264+1210440",3
"2M00245386-7200551",2
"2M09122011-6449218",7
"2M18363607-2350162",8
"2M13265662-4730402",4
"2M01023407-7051572",6
"2M05240999-2432244",6
"2M17410346-5339398",4
"2M16412837+3627038",6
"2M18361229-2354538",3
"2M17402973-5338078",8
"2M13254559-4728506",4
"2M13265305-4718320",3
"2M13255649-4722512",5
"2M19400321-3101119",3
"2M13254966-4737362",3
"2M13263868-4725462",6
"2M13275724-4729083",3
"2M00222646-7156388",2
"2M09113161-6449022",7
"2M13265186-4722495",3
"2M00233200-7204261",2
"2M13273743-4723371",8
"2M00253465-7213084",2
"2M18360668-2350390",4
"2M13255433-4725137",4
"2M09121389-6453374",6
"2M13255091-4729215",8
"2M09120887-6455277",6
"2M18091466-2552275",2
"2M16421716+3631331",4
"2M13272788-4719587",1
"2M13263643-4736261",8
"2M18545774-3025574",6
"2M21293530+1214083",4
"2M13251141-4725088",4
"2M09114558-6450042",7
"2M13270315-4724068",7
"2M18360370-2350060",4
"2M13253926-4718333",3
"2M13274431-4725071",3
"2M13262962-4737014",8
"2M17394870-5340168",5
"2M13271677-4712584",4
"2M21301138+1208412",3
"2M00241580-7200415",2
"2M18362627-2351483",4
"2M17025121-2617230",6
"2M13261668-4735119",3
"2M17023723-2617063",7
"2M10160324-4615494",7
"2M13265278-4744205",7
"AP18102342-3146515",6
"2M00235616-7159384",2
"2M13272740-4718217",4
"2M16324415-1301347",1
"2M01025851-7049444",7
"2M13264269-4729195",8
"2M13262143-4731289",7
"2M18363186-2347268",3
"2M13262164-4730202",8
"2M12395094-2645177",4
"2M16234458-2638033",1
"2M18551416-3028548",6
"2M18354357-2406398",3
"2M15182438+0200073",6
"2M17405674-5337019",3
"2M13263081-4724520",4
"2M21301049+1210061",8
"2M05240823-2430510",6
"2M21332399-0055167",6
"2M16472350-0200285",5
"2M13254097-4726468",8
"2M10165921-4624110",7
"2M13261688-4726064",3
"2M00225899-7205356",2
"2M13264564-4722260",4
"2M13265920-4736352",3
"2M10173790-4620281",7
"2M13264297-4720358",3
"2M00525250-2636041",1
"2M16322086-1302131",1
"2M13131006+1806152",4
"2M15182808+0202119",6
"2M17143081-2927457",2
"2M15182581+0204552",7
"2M13421028+2824044",6
"2M13261090-4727532",8
"2M10183889-4619199",7
"2M19535769+1844567",2
"2M13251771-4723421",3
"2M13414721+2829488",7
"2M13275730-4736380",7
"2M13270759-4722539",3
"2M13262806-4735251",3
"2M16472598-0153142",1
"2M18362051-2356247",4
"2M00222568-7208221",2
"2M13273227-4727298",3
"2M00241462-7204018",2
"2M17403192-5341537",3
"2M17405506-5339285",4
"2M16232354-2633412",1
"2M15183401+0207158",6
"2M13252561-4731436",3
"2M13262845-4733184",4
"2M13260166-4724309",8
"2M00212605-7209404",2
"AP18015264-2749084",1
"2M19533837+1846025",2
"2M17342541-3902338",2
"2M19534615+1847261",2
"2M16473788-0149212",5
"2M19534969+1850489",2
"2M17143280-2927477",2
"2M13270355-4726389",3
"2M13241760-4722030",3
"2M13271608-4731209",5
"2M13262405-4725383",4
"2M13263443-4732013",8
"2M13261658-4720464",5
"2M18362870-2358556",4
"2M13261616-4730560",4
"2M17404401-5332573",4
"2M13254733-4729245",8
"2M13253481-4728008",5
"2M13254810-4742143",3
"2M10165173-4625225",6
"2M13252939-4718351",3
"2M17403776-5339572",5
"2M13253528-4731430",5
"2M09122633-6453225",7
"2M13265039-4727306",8
"2M13424547+2824452",6
"2M15182935+0203493",6
"2M16322432-1301348",1
"2M00224308-7200330",2
"2M00233801-7158308",2
"2M13250802-4725189",3
"2M00223059-7203211",2
"2M13261244-4728533",7
"2M05141956-4004055",6
"2M13262881-4725235",1
"2M13263730-4737272",3
"2M15182499+0203098",6
"2M13271729-4725266",4
"2M13263748-4713268",3
"2M13263034-4721014",8
"2M21295379+1210203",3
"2M00230950-7209006",2
"2M13271647-4715584",8
"2M17163748+4306155",8
"2M13271199-4729499",8
"2M13274459-4724319",8
"2M16233397-2631126",1
"2M13261830-4722283",3
"2M13270015-4722249",5
"2M13261963-4745337",5
"2M13263030-4724159",3
"2M13272889-4721393",8
"2M16232195-2630320",1
"2M13252825-4723232",5
"2M17023516-2619262",4
"2M17402690-5357470",3
"2M17022955-2614150",4
"2M00231612-7207481",2
"2M13253534-4731557",5
"2M00231284-7210190",2
"2M16570952-0407222",6
"2M13260009-4722382",3
"2M13263397-4719545",4
"2M00262512-7157064",2
"2M21295828+1208092",3
"2M00254689-7206494",2
"2M19105734-5958056",6
"2M13261418-4729539",1
"2M00253618-7202051",2
"2M09115611-6452375",7
"2M17273419-3048097",2
"2M05140778-4001181",7
"2M17024810-2621268",6
"2M13420261+2821197",7
"2M13255133-4716400",7
"2M13263410-4726212",4
"2M13244182-4728298",3
"2M18353834-2349387",8
"2M19533470+1846213",2
"2M13254865-4723249",4
"2M18362785-2352302",3
"2M13263407-4719003",3
"2M10174100-4623437",6
"2M00250791-7203490",2
"2M13264713-4740039",3
"2M00230658-7145207",2
"2M13252825-4715388",3
"2M15183050+0209224",6
"2M17403391-5341212",5
"2M18355340-2404564",5
"2M13265716-4722069",4
"2M00232481-7158287",2
"2M12390721-2644333",4
"2M13261377-4735340",4
"2M16231206-2629436",1
"2M00260759-7158262",2
"2M15183612+0204052",6
"2M09123357-6452430",6
"2M13271872-4718460",3
"2M13262006-4733527",3
"2M17404971-5352220",4
"2M13244676-4724486",4
"2M16240684-2638001",1
"2M19093777-5954597",4
"2M13241871-4745067",3
"2M18315425-2328124",1
"2M18361840-2353079",4
"2M17342767-3903405",2
"2M13255251-4741136",3
"2M13414878+2817328",6
"2M13130592+1800214",4
"2M19103727-6001039",3
"2M13285668-4710208",3
"2M19532925+1845584",2
"2M17171412+4310462",4
"2M13255281-4730211",1
"2M13251587-4722239",3
"2M17024153-2621081",8
"2M13250192-4719361",4
"2M13265292-4723315",3
"2M15181445+0203131",7
"2M13255972-4723441",3
"2M13243958-4721481",8
"2M13261117-4739336",3
"2M16570983-0410235",8
"2M19114100-5957067",7
"2M16235082-2644323",1
"2M13271600-4735454",7
"2M00245189-7200031",2
"2M13260039-4724447",8
"2M21295311+1212310",3
"2M16232305-2633322",1
"2M21295856+1209214",5
"2M13260731-4729121",4
"2M19394984-3057240",4
"2M13415502+2819149",6
"2M15183049+0207005",6
"2M09112808-6455017",7
"2M13265881-4739150",3
"2M13271664-4734139",4
"2M13272024-4732030",4
"2M16471295-0203534",1
"2M09113076-6453377",6
"2M18361368-2358186",4
"2M13272641-4735396",8
"2M16241589-2632274",1
"2M16241292-2636190",1
"2M18072492-2458004",4
"2M19110326-6006515",5
"2M17024566-2615124",5
"2M05240958-2431483",6
"2M19095404-5959258",8
"2M13272503-4717211",3
"2M15180449+0201030",7
"2M13264842-4735520",3
"2M19393021-3059189",5
"2M17142243-2929316",2
"2M15183955+0202520",6
"2M13420266+2822306",4
"2M15182428+0201090",7
"2M13254464-4731537",3
"2M13264616-4714151",7
"2M21331674-0047039",4
"2M13274101-4747573",4
"2M16565101-0410349",5
"2M19400473-3104389",4
"2M13273825-4724248",5
"2M17362671-4441431",6
"2M13254953-4738014",3
"2M19111713+0102357",2
"2M18315983-2328126",1
"2M13250824-4720197",4
"2M13245867-4714029",8
"2M13260439-4713169",5
"2M13264370-4718107",8
"2M00234943-7204266",2
"2M18360679-2356468",3
"2M16571474-0405533",8
"2M16232508-2629530",1
"2M17163623-2808067",2
"2M17360797-4444124",6
"2M17362611-4448158",6
"2M13272581-4739422",3
"2M05140232-4002311",6
"2M13430354+2823003",6
"2M19395471-3059042",7
"2M17341969-3905457",2
"2M16231761-2634053",3
"2M19104803-5956308",3
"2M19101337-6003493",4
"2M17403884-5344292",5
"2M13260771-4727412",4
"2M16232187-2617160",1
"2M17165612+4304073",8
"2M13272709-4729129",5
"2M05241142-2429121",6
"2M13263049-4734278",8
"2M13273378-4725286",4
"2M19105545-5955449",6
"2M17393096-5334586",4
"2M18372745-2346031",5
"2M13121714+1814178",3
"2M13273991-4725299",3
"2M00525296-2633427",1
"2M09130118-6452430",6
"2M13253481-4723478",5
"2M13261190-4734306",4
"2M17165883+4315116",8
"2M01031868-7053531",7
"2M13260069-4730473",3
"2M00251944-7156129",2
"2M19100424-5955210",3
"2M15185953+0202076",7
"2M13261025-4733496",5
"2M17362589-4446469",6
"2M18354581-2351153",4
"2M16571416-0405329",7
"2M13255967-4717478",4
"2M00270811-7203297",2
"2M00524987-2636338",5
"2M13254472-4725136",5
"2M18364279-2358110",5
"2M16413013+3635284",3
"2M19535018+1845525",2
"2M13262546-4727029",4
"2M13274640-4727154",3
"2M18362284-2358306",4
"2M18362912-2348012",3
"2M13252546-4731390",3
"2M16232115-2630440",1
"2M00262038-7202099",2
"2M13255690-4731588",4
"2M18551061-3029597",6
"2M13270242-4729019",7
"2M13412358+2829403",7
"2M19103769-5953237",3
"2M13271643-4735485",3
"2M09115541-6451547",6
"2M21300750+1208136",3
"2M19533271+1841101",2
"2M13243855-4727034",3
"2M13421236+2818373",7
"2M18354482-2402063",5
"2M16234879-2635093",1
"2M10170454-4623433",6
"2M18074298-2452101",7
"2M13260566-4720517",8
"2M18362898-2335361",4
"2M17343025-3903190",2
"2M16233893-2622094",1
"2M13255467-4731393",3
"2M13265731-4745569",3
"2M00223596-7155519",2
"2M13273412-4731581",5
"2M18593691-3641280",2
"2M13252908-4727205",3
"2M17361731-4447309",6
"2M13261888-4726425",8
"2M00250528-7203446",2
"2M13262838-4733414",5
"2M19392144-3105081",4
"2M00253428-7157352",2
"2M13271764-4734402",3
"2M13263358-4743108",4
"2M18362914-2353085",5
"2M10172475-4627289",6
"2M13262634-4744297",3
"2M13420282+2824132",6
"2M16225010-2628247",1
"2M18351562-2404040",3
"2M16213552-2641324",1
"2M17030750-2618050",8
"AP10174651-4627173",5
"2M13260888-4721156",8
"2M05241974-2429246",7
"2M13265550-4719304",5
"2M13253269-4723149",8
"2M13263564-4723312",7
"2M13254955-4725033",5
"2M05143301-4012365",7
"2M21295509+1209335",8
"2M00252299-7154365",2
"2M00271353-7159535",2
"2M09122540-6446523",6
"2M18551152-3025352",7
"2M13260162-4727379",8
"2M17165772+4314115",3
"2M19401816-3054272",4
"2M15171587+0159323",4
"2M21300978+1212544",5
"2M13264666-4724172",5
"2M13272300-4739552",5
"2M13275089-4725509",8
"2M15181629+0202099",6
"2M19534768+1850017",2
"2M16232708-2633297",1
"2M18363454-2355450",8
"2M10161074-4620102",7
"2M17170731+4309308",4
"2M13273181-4716554",4
"2M19091982-5957091",4
"2M16234175-2629466",1
"2M09110169-6451360",6
"2M16230993-2628335",1
"2M00231416-7209180",2
"2M13415631+2825565",7
"2M10172586-4626210",6
"2M05141262-4002526",7
"2M10170383-4620262",7
"2M13420388+2825088",6
"2M13262426-4727090",7
"2M13270256-4733061",5
"2M16233653-2633553",1
"2M00220626-7211557",2
"2M05241847-2431432",6
"2M16470452-0156013",6
"2M16570716-0407043",4
"2M00261280-7200067",2
"2M18072204-2501100",7
"2M00240062-7203573",2
"2M00221247-7205449",2
"2M16233337-2633148",1
"2M13254590-4728027",5
"2M09120388-6452198",6
"2M13262626-4724243",3
"2M10163745-4624196",6
"2M00241754-7200159",2
"2M17401526-5340149",5
"2M01040240-7049108",7
"2M09111437-6453359",6
"2M16233621-2640002",1
"2M10181660-4622420",5
"2M10174297-4614443",7
"2M21300033+1210508",4
"2M06485872-3600006",7
"2M21294351+1210033",8
"2M19104370-6001040",5
"2M13273669-4730514",5
"2M13270158-4737444",4
"2M19393288-3051043",8
"2M13265181-4736480",7
"2M16471103-0156177",6
"2M18361584-2402583",4
"2M10174161-4621556",7
"2M13162059+1742464",5
"2M00220570-7203565",2
"2M13280276-4724123",4
"2M13270786-4713594",3
"2M21300038+1207363",5
"2M16230273-2635364",1
"2M13253855-4721340",8
"2M13420915+2825401",7
"2M16233391-2629315",1
"2M13421712+2822137",7
"2M13123617+1807320",5
"2M13255372-4731055",4
"2M13255468-4719220",3
"2M16471210-0156485",5
"2M09114703-6448438",7
"2M09105614-6453164",6
"2M13281504-4737394",3
"2M15181260+0203102",6
"2M13291885-4719238",5
"2M18101768-3145246",1
"2M01024455-7047396",6
"2M13270278-4724019",1
"2M00252638-7202417",2
"2M13125915+1814356",4
"2M16470966-0201127",1
"2M13262411-4746578",3
"2M13263967-4749521",8
"2M13261772-4731016",7
"2M13420793+2823243",6
"2M13262666-4735290",7
"2M00250060-7155586",2
"2M10175284-4627311",7
"2M13421973+2822440",6
"2M13260612-4735275",7
"2M13252896-4713130",3
"2M13265684-4724220",4
"2M18361675-2355411",4
"2M13244076-4727210",3
"2M18071492-2457397",5
"2M19105672-5949212",4
"2M16330145-1300334",1
"2M00241282-7203385",2
"2M13272076-4724300",4
"2M17310585-2958354",6
"2M10170741-4624327",7
"2M13253523-4726598",5
"2M00253559-7218224",2
"2M19111849-5959417",4
"2M18072402-2458088",4
"2M17405309-5341496",3
"2M17400217-5346314",3
"2M00524057-2628033",4
"2M13271663-4719383",7
"2M21300028+1209410",8
"2M18351906-2406533",4
"2M09124587-6453014",7
"2M13262098-4727373",5
"2M17411334-5337333",3
"2M13261695-4727225",8
"2M16570420-0404505",4
"2M10172506-4618152",6
"2M18361479-2355160",4
"2M15182822+0204509",6
"2M00210508-7206137",2
"2M21331521-0049516",6
"2M21295984+1209257",8
"2M13260617-4728393",3
"2M18364496-2354577",8
"2M00225048-7201578",2
"2M16234000-2639029",1
"2M00221970-7214028",2
"2M13262505-4725555",4
"2M13281906-4723176",3
"2M00242775-7202173",2
"2M13260810-4731226",4
"2M17023078-2615183",8
"2M13261782-4724561",5
"2M13243746-4730008",5
"2M00235608-7141488",2
"2M06485140-3600380",8
"2M17361100-4445015",6
"2M00232032-7158595",2
"2M15183589+0202423",6
"2M18363836-2354016",4
"2M19111204+0103198",2
"2M16570464-0406340",4
"2M17404165-5336583",4
"2M13251000-4720315",3
"2M00240113-7203185",2
"2M19101659-6000596",7
"2M17023938-2619361",4
"2M17403068-5342258",4
"2M13262697-4716460",3
"2M19403632-3050343",4
"2M19101674-5947522",3
"2M13264676-4724492",5
"2M13264470-4736163",3
"2M13250873-4729218",3
"2M13254048-4720409",8
"2M12392079-2641390",3
"2M13265839-4716216",7
"2M13264663-4728491",3
"2M00251325-7143423",2
"2M13281898-4731520",3
"2M13261114-4718406",8
"2M13275874-4729483",3
"2M00221750-7206285",2
"2M13261797-4729085",5
"2M10173159-4629010",6
"2M12393987-2647222",5
"2M18374826-2358453",7
"2M10165137-4622044",7
"2M13263137-4724190",4
"2M13420078+2810427",7
"2M13263862-4736491",8
"2M18354109-2356392",4
"2M15184022+0213278",7
"2M16232814-2626085",1
"2M16233151-2636183",1
"2M16322516-1300506",2
"2M13254454-4733256",5
"2M13260618-4729406",8
"2M13275278-4722456",3
"2M16480797-0159217",3
"2M16470314-0155556",5
"2M13264905-4723185",4
"2M13125496+1805350",4
"2M18362145-2401120",3
"2M18371094-2340012",4
"2M00205919-7204494",2
"2M13261397-4734508",5
"2M18361261-2348169",3
"2M21333131-0047414",6
"2M13260327-4731129",8
"2M10173851-4625374",7
"2M10170407-4626076",6
"2M13254619-4720392",5
"2M13265454-4720234",7
"2M10173646-4628043",5
"2M16235026-2629258",1
"2M13270045-4724452",7
"2M13264270-4722319",5
"2M13262457-4734103",8
"2M16472160-0156593",6
"2M16243757-2643315",1
"2M17022395-2614538",4
"2M16240146-2639316",1
"2M13242154-4738394",3
"2M13415973+2822567",6
"2M13271413-4713478",5
"2M13420057+2821370",7
"2M15184132+0205014",6
"2M15183197+0209486",5
"2M00234479-7205342",2
"2M13251503-4730517",3
"2M13265327-4724098",8
"2M13260017-4733513",3
"2M13262867-4723386",3
"2M13260894-4733475",3
"2M17362187-4445415",6
"2M13264804-4734567",7
"2M17405105-5342289",3
"2M17163772+4308411",3
"2M21300569+1210156",5
"2M13255610-4729142",8
"2M13273172-4742028",3
"2M13412885+2804523",7
"2M13254633-4725595",1
"2M00242572-7203307",2
"2M17410814-5347070",5
"2M13273209-4750160",8
"2M17025221-2614307",4
"2M13422187+2814412",6
"2M13264723-4734121",1
"2M01025597-7050176",7
"2M18364925-2348579",3
"2M13262532-4725369",4
"2M09122137-6452540",7
"2M17401948-5334288",4
"2M13261019-4723233",5
"2M19102347-6006255",3
"2M19533774+1846259",2
"2M13255577-4717440",8
"2M13271923-4725455",8
"2M13271529-4726267",4
"2M10172952-4621454",7
"2M13423883+2823306",7
"2M00231241-7207252",2
"2M13272355-4728072",3
"2M16571925-0411163",3
"2M19102179-5958597",4
"2M13272566-4725363",3
"2M13263664-4741357",8
"2M13255730-4720086",8
"2M13260527-4719219",8
"2M00233632-7156059",2
"2M13272699-4734512",4
"2M13274100-4720110",3
"2M10171120-4622562",7
"2M16570236-0416369",5
"2M01030008-7047510",6
"2M13265388-4729373",8
"2M18361171-2347513",5
"2M16232114-2631377",1
"2M13260042-4729139",7
"2M13254479-4726235",3
"2M16234520-2633568",1
"2M13263818-4723085",1
"2M15181952+0207106",6
"2M13255903-4725272",7
"2M13260925-4717474",4
"2M13264518-4738307",3
"2M17413601-5352128",3
"2M10163611-4627463",7
"2M10171931-4624326",7
"2M16320904-1302270",2
"2M19111115-6000169",8
"2M19400435-3054377",5
"2M13262484-4737549",3
"2M16472655-0157192",5
"2M18364417-2358485",5
"2M18361954-2355595",4
"2M00524625-2635494",1
"2M18361893-2353051",7
"2M15190992+0208218",6
"2M17401754-5339066",3
"2M13263325-4730176",3
"2M19113578-6007201",8
"2M19111162-5958288",8
"AP18362085-2354401",4
"2M13265344-4721143",3
"2M13261308-4732493",3
"2M00525013-2634147",1
"2M16232694-2631313",1
"2M13265903-4727479",4
"2M16233825-2635551",1
"2M13270952-4733560",7
"2M13260730-4728113",3
"2M17410896-5337324",4
"2M13274019-4725055",8
"2M16570037-0406015",7
"2M18363599-2353202",3
"2M17023814-2616049",8
"2M18362854-2354134",5
"2M13262185-4725476",4
"2M13262632-4725342",8
"2M13255447-4735071",4
"2M18362488-2353100",5
"2M16421889+3630156",3
"2M13421089+2824080",7
"2M13273575-4743461",5
"2M17411524-5335127",4
"2M18363895-2359550",4
"2M13270935-4722457",8
"2M16215190-2617091",1
"2M17314263-3947053",7
"2M16563597-0405137",4
"2M19083249-6003199",4
"2M00235503-7201574",2
"2M16234788-2629482",1
"2M00242500-7202458",2
"2M16233380-2627497",1
"2M00524135-2632146",3
"2M16235421-2636225",1
"2M13265335-4736349",1
"2M17310738-3952298",4
"2M17171140+4306027",4
"2M10164051-4632204",7
"2M18360722-2349418",4
"2M13262116-4727102",8
"2M13263032-4725378",7
"2M00235438-7158357",2
"2M10172060-4634187",6
"2M18551034-3027105",7
"2M17395249-5339111",5
"2M13254673-4726271",4
"2M19100695-5953052",4
"2M09114249-6450020",7
"2M13264883-4724431",4
"2M13273192-4733427",7
"2M09120090-6447430",6
"2M13252469-4729096",3
"2M13261931-4719570",8
"2M13264624-4736012",8
"2M16225135-2640217",1
"2M13273384-4739080",3
"2M15183092+0205024",6
"2M13270938-4723524",4
"2M13262617-4739195",4
"2M18361417-2402014",6
"2M13264253-4739054",8
"2M13262982-4730499",5
"2M19113127-5957322",4
"2M13271542-4725087",6
"2M17170043+4305117",4
"2M13414163+2828583",7
"2M19103667-5957397",4
"2M13261602-4723071",8
"2M13255689-4731268",4
"2M19100150-5953084",3
"2M01031723-7050496",7
"2M16415543+3633266",6
"2M18360619-2348374",4
"2M13254603-4746453",5
"2M09114586-6452444",7
"2M10173642-4621287",7
"2M10171686-4625453",6
"2M13251717-4731197",8
"2M13271444-4725104",8
"2M13410315+2812391",7
"2M17303838-3135492",7
"2M16570363-0412481",4
"2M15184579+0201169",6
"2M18360267-2351331",4
"2M13263452-4720054",4
"2M13264081-4736468",5
"2M13254805-4724302",3
"2M13271354-4723113",3
"2M13261078-4735370",5
"2M00223025-7201409",2
"2M17404313-5340093",3
"2M13420185+2816310",7
"2M00241720-7200377",2
"2M06490734-3558013",7
"2M13265348-4732216",8
"2M13250845-4720273",1
"2M17404163-5337328",4
"2M13270305-4728234",5
"2M19394668-3059287",4
"2M16323534-1301256",1
"2M17023087-2618515",5
"2M13270479-4724091",8
"2M13265635-4721008",5
"2M13273317-4723474",1
"2M13264760-4733313",3
"2M17404627-5328593",4
"2M13421113+2823339",7
"2M18361887-2342048",4
"2M13260441-4726284",3
"2M15173864+0202251",7
"2M19534178+1848384",2
"2M19114482-5952305",3
"2M17024326-2617504",4
"2M13262123-4721173",3
"2M10180833-4619201",1
"2M13283381-4732055",4
"2M21331406-0053534",7
"2M13420299+2822101",7
"2M18362764-2401157",3
"2M19111620-6012403",5
"2M19091769-6006401",8
"2M13254602-4715222",3
"2M13253835-4736314",3
"2M13420895+2823471",7
"2M17405067-5346578",4
"2M18014007-2649505",6
"2M13264086-4737317",3
"2M13425256+2818445",7
"2M13255408-4722151",5
"2M13255938-4726095",3
"2M18364236-2352191",3
"2M16464471-0203003",7
"2M13265819-4723155",3
"2M16471462-0155557",5
"2M00250610-7159152",2
"2M13260531-4729559",8
"2M13270671-4723109",5
"2M13262821-4736322",3
"2M13263357-4727330",8
"2M16420085+3623338",7
"2M13270492-4727111",3
"2M19395870-3101475",8
"2M17363993-4441154",6
"2M18355034-2400418",3
"2M13273534-4734412",3
"2M18550740-3026052",7
"2M18361335-2350332",4
"2M15181946+0157504",5
"2M13253283-4729097",8
"2M16472396-0201022",1
"2M00252687-7204492",2
"2M10170011-4622537",7
"2M09121810-6451094",6
"2M13420873+2821479",6
"2M13273494-4719442",8
"2M17402659-5334397",4
"2M05140762-4002267",7
"2M13254976-4734544",7
"2M16564659-0402276",3
"2M13263135-4740475",1
"2M13251633-4731502",7
"2M21332545-0047056",7
"2M16472816-0156385",3
"2M16234320-2626417",1
"2M18072970-2456359",7
"2M13262564-4726228",3
"2M13263730-4733462",3
"2M16233250-2624340",1
"2M09112270-6450120",7
"2M18354814-2347008",8
"2M13262218-4721435",3
"2M17342921-3904514",2
"2M13262160-4725233",3
"2M16232827-2634278",1
"2M05133868-4007394",7
"2M13265839-4732143",8
"2M13240738-4724118",5
"2M13273028-4734141",8
"2M17402218-5343084",3
"2M05140969-4003147",6
"2M13253334-4737097",8
"2M17390689-5338526",4
"2M13273642-4722316",3
"2M16224756-2635016",1
"2M19535120+1848308",2
"2M17143323-2925484",6
"2M05242370-2430189",6
"2M16242452-2622132",1
"2M13263768-4725388",8
"2M13255843-4732200",3
"2M18363001-2353503",5
"2M09120612-6451426",6
"2M15180892+0206285",7
"2M16232480-2639253",1
"2M19102304-6003335",8
"2M13265360-4724329",4
"2M00242049-7159516",2
"2M13255109-4723246",3
"2M13261406-4729322",6
"2M00193767-7210175",2
"2M00204584-7213060",2
"2M19533134+1842400",2
"2M13260741-4726104",4
"2M17355890-3834199",2
"2M18013868-2649154",7
"2M16234740-2631463",1
"2M16240578-2640169",1
"2M13261950-4726563",4
"2M13260296-4732084",5
"2M01030894-7051498",6
"2M21331854-0051563",6
"2M13275470-4719321",7
"2M13272449-4720080",1
"2M13260249-4728299",4
"2M10172644-4624505",7
"2M13262150-4723161",8
"2M13271893-4716331",3
"2M16323677-1302219",1
"2M13271932-4724481",3
"2M13262994-4735535",4
"2M10170742-4621550",6
"2M00240776-7157520",2
"2M09121312-6450463",6
"2M13252474-4725510",4
"2M17023744-2615529",4
"2M19533114+1845204",2
"2M19534525+1846553",2
"2M13270108-4716114",7
"2M09122869-6444168",6
"2M13270134-4720306",3
"2M18364955-2406088",3
"2M13421881+2824441",7
"2M16472113-0155514",1
"2M17404534-5332492",3
"2M13255659-4737104",5
"2M16233948-2631114",1
"2M00244102-7156344",2
"2M18594565-3637016",1
"2M16232017-2636226",1
"2M13260464-4739575",8
"2M09120340-6454187",6
"2M13252390-4720436",3
"2M13271064-4720519",3
"2M10164311-4619323",6
"2M17363457-4446196",6
"2M09121852-6455094",7
"2M13264584-4725070",3
"2M16465982-0202241",1
"2M13261749-4729213",5
"2M17364909-4442598",6
"2M18071347-2458525",4
"2M17362632-4443060",6
"2M13252403-4739206",8
"2M10164395-4629419",7
"2M00222303-7207050",2
"2M09114868-6454207",6
"2M16232402-2630005",1
"2M10190579-4609552",7
"2M13420475+2822052",6
"2M18370961-2355435",4
"2M13431597+2809063",5
"2M00524690-2634039",5
"2M13284045-4720217",3
"2M09115484-6454592",7
"2M17403378-5344202",4
"2M13422879+2824167",7
"2M19533626+1849297",2
"2M13270904-4723384",6
"2M18363771-2350145",4
"2M19104243-5959548",6
"2M18361216-2356530",4
"2M18365168-2353104",3
"2M21301565+1208229",3
"2M19392300-3049202",4
"2M19105517-6007113",3
"2M19540152+1850496",2
"2M13253498-4737169",3
"2M17360814-4444392",6
"2M00202281-7201135",2
"2M19393057-3105551",5
"2M18360274-2354141",4
"2M17403275-5340313",4
"2M21295562+1210455",4
"2M13422755+2822240",7
"2M18361537-2348193",4
"2M13262243-4720261",5
"2M13273616-4737103",4
"2M00260168-7204422",2
"2M13265667-4729522",8
"2M13254906-4730224",4
"2M13274171-4728401",3
"2M13421727+2823011",7
"2M05240661-2431125",6
"2M21331293-0045169",8
"2M00234843-7159559",2
"2M16235300-2628065",1
"2M17400436-5347195",5
"2M00225969-7207061",2
"2M13262140-4734406",3
"2M13263040-4721332",8
"2M16565465-0408554",7
"2M13423140+2822543",7
"2M00244624-7154560",2
"2M13262017-4737424",4
"2M13264392-4740537",3
"2M10173411-4624148",6
"2M16225270-2634337",1
"2M17411610-5336187",3
"2M18370682-2341228",4
"2M09114293-6451398",6
"2M16235677-2646425",1
"2M16231475-2645281",1
"2M19104739-5950000",4
"2M13270828-4722594",3
"2M13254617-4711189",4
"2M19111588-5950222",8
"2M00231298-7211383",2
"2M19103631-5958583",5
"2M13421679+2823479",7
"2M17310731-3953523",5
"2M10163558-4626167",5
"2M09122762-6451100",7
"2M13270616-4729094",5
"2M13255811-4708192",8
"2M13262630-4741591",3
"2M13280261-4745571",3
"2M13255909-4722323",3
"2M13254780-4711161",8
"2M13412973+2821299",4
"2M13263965-4730199",3
"2M13271651-4724543",3
"2M13265981-4747591",3
"2M13275716-4720012",3
"2M17364432-4446023",6
"2M00260276-7203183",2
"2M00233640-7204479",2
"2M15184164+0203533",6
"2M19400230-3055443",5
"2M13264503-4737031",6
"2M00261617-7205002",2
"2M13251799-4733257",5
"2M05140714-4002568",7
"2M18360861-2355566",4
"2M19400069-3056093",5
"2M13270772-4720109",3
"2M19075686-6007014",6
"2M18355268-2353152",3
"2M17341922-3906052",2
"2M18365788-2349010",5
"2M16231791-2630059",1
"2M01030391-7051321",7
"2M16471971-0157552",3
"2M12393345-2643135",5
"2M18354877-2356184",4
"2M19400181-3058450",4
"2M15190324+0208032",7
"2M16571740-0403304",5
"2M21333520-0046089",6
"2M13254712-4728106",7
"2M05240412-2430066",6
"2M00524252-2635128",1
"2M15181041+0203321",7
"2M18133940-3150132",2
"2M01032002-7049553",6
"2M18353877-2350117",3
"2M17480088-2447295",2
"2M13261758-4711310",5
"2M16404298+3627418",7
"2M05241426-2433062",6
"2M15174702+0204519",7
"2M13273998-4727313",7
"2M16232845-2632541",1
"2M00250993-7153434",2
"2M00262720-7147440",2
"2M00233065-7150017",2
"2M13271489-4725425",7
"2M16231682-2641248",1
"2M13422716+2813520",7
"2M13270133-4719440",3
"2M18361426-2354313",4
"2M16241055-2642258",1
"2M18361935-2352592",4
"2M00255751-7207529",2
"2M13255161-4715184",4
"2M18073312-2457396",5
"2M13261486-4731166",8
"2M13261220-4728346",5
"2M13275338-4721412",3
"2M00220669-7207156",2
"2M01023043-7055070",6
"2M13261831-4726469",4
"2M13262398-4728096",3
"2M18354258-2352577",4
"2M12382766-2647365",3
"2M13261008-4725306",8
"2M13275662-4718076",3
"2M13261862-4725023",5
"2M15180987+0210088",7
"2M13261308-4712509",3
"2M16232148-2638354",1
"2M13261345-4732286",4
"2M19104929-5946131",8
"2M13273304-4733322",1
"2M09120351-6454132",7
"2M00523149-2636016",1
"2M13272321-4720027",5
"2M13254131-4723297",1
"2M19400050-3054550",5
"2M13420876+2821125",6
"2M01031903-7050514",6
"2M10171403-4624452",7
"2M13261283-4729101",7
"2M19111291-6005115",5
"2M00224034-7155046",2
"2M18362011-2347443",3
"2M13273121-4732530",4
"2M00255794-7205136",2
"2M16233821-2631488",1
"2M17401473-5336045",3
"2M13264432-4729051",8
"2M00531301-2637047",1
"2M18372594-2359029",5
"2M09113474-6449487",6
"2M16234351-2625375",1
"2M18354967-2352095",4
"2M17023514-2618560",4
"2M00254110-7206163",2
"2M13270370-4737037",3
"2M18134025-3149477",1
"2M12393429-2643233",4
"2M13255376-4728122",4
"2M05240940-2431374",7
"2M17023589-2610118",8
"2M16414819+3635413",4
"2M17361721-4447215",6
"2M13414359+2829513",7
"2M00531059-2632247",1
"2M16225737-2642582",1
"2M01032848-7051296",6
"2M13263477-4728305",7
"2M15183303+0202544",7
"2M19101235-6005520",4
"2M13261529-4732557",3
"2M16571356-0405115",5
"2M13255911-4729016",4
"2M21294581+1208455",3
"2M05140280-4001227",6
"2M13265072-4718044",4
"2M16471654-0156588",1
"2M18353132-2400406",4
"2M00230029-7204173",2
"2M18364026-2400498",8
"2M18360598-2401472",3
"2M13421428+2825316",6
"2M15184449+0202053",7
"2M13270687-4731549",8
"2M18360908-2355005",4
"2M18361936-2354244",4
"2M18355371-2353503",5
"2M13274263-4712328",3
"2M13262557-4728479",6
"2M13265179-4740189",7
"2M06485459-3559151",4
"2M17165963+4313309",8
"2M13261394-4734572",5
"2M16565750-0406502",4
"2M18363268-2353459",3
"2M10172073-4622293",6
"2M13272394-4723536",7
"2M19533828+1851446",2
"2M16570827-0405151",8
"2M13270771-4730176",8
"2M13261475-4721316",8
"2M17024242-2615557",4
"2M17023086-2606252",8
"2M16570078-0408467",8
"2M13252929-4715347",5
"2M18355050-2404021",8
"2M13261066-4733314",1
"2M17400552-5339493",5
"2M13262931-4719164",3
"2M17101034-2634050",5
"2M00253864-7201062",2
"2M13250314-4742351",5
"2M01032007-7050549",6
"2M05241804-2430147",6
"2M13262698-4727041",3
"2M13275422-4722412",8
"2M13265353-4731582",8
"2M18361602-2357215",3
"2M19111843-6001349",4
"2M13263083-4728021",5
"2M13262568-4732172",8
"2M18361247-2349434",3
"2M17361225-4443313",6
"2M13261490-4729111",4
"2M13261774-4737136",4
"2M13273566-4734128",3
"2M13261970-4729297",4
"2M01032483-7051517",7
"2M13274524-4746382",5
"2M13251752-4724266",7
"2M13263144-4724319",4
"2M13261782-4724493",4
"2M00525692-2634511",5
"2M13251617-4721507",3
"2M13270243-4731024",4
"2M00245813-7202017",2
"2M18365134-2411307",3
"2M13255206-4727239",8
"2M13272453-4722166",4
"2M09120653-6452431",6
"2M18364148-2353229",5
"2M13262012-4723282",7
"2M00261747-7158582",2
"2M18350187-2352211",4
"2M17403518-5340141",3
"2M13263243-4735272",8
"2M00524981-2636559",1
"2M21334193-0048169",4
"2M16421358+3628365",8
"2M00524297-2636140",5
"2M19395821-3057185",5
"2M16233020-2633241",1
"2M00524019-2634233",5
"2M00224173-7158497",2
"2M19102258-5954055",4
"2M18363170-2348351",8
"2M17400556-5345324",5
"2M13262352-4725162",4
"2M16165368-2256483",5
"2M13255019-4717564",4
"2M13270211-4730116",3
"2M13273759-4730522",4
"2M10172030-4623096",7
"2M16224070-2631178",1
"2M13265770-4716498",5
"2M17404680-5336326",4
"2M18362120-2350352",4
"2M17311037-2957146",1
"2M13241618-4713113",3
"2M09122643-6457083",7
"2M10164845-4631198",7
"2M10175556-4646188",7
"2M00255964-7204310",2
"2M17403020-5335464",4
"2M16323074-1300198",1
"2M13253996-4725164",3
"2M13270937-4724404",4
"2M13270370-4718159",5
"2M13260103-4717113",5
"2M17401421-5339187",3
"2M16470210+4733163",7
"2M01024512-7052105",6
"2M19123838-5956186",4
"2M13254368-4741139",4
"2M13421102+2821270",6
"2M05241383-2431083",7
"2M13414946+2821243",7
"2M09123016-6454129",7
"2M18363603-2353078",4
"2M13253748-4724421",3
"2M13272565-4715345",3
"2M13251222-4719128",1
"2M16230438-2623429",1
"2M00244002-7155449",2
"2M18362539-2353217",4
"2M13261999-4724259",3
"2M10183453-4618012",5
"2M13280177-4736188",4
"2M17165738+4307236",3
"2M16243321-2618137",1
"2M13260094-4726223",3
"2M13421329+2819508",6
"2M13263801-4721560",3
"2M13270101-4721414",4
"2M13263459-4741002",1
"2M13262922-4724178",3
"2M19394693-3056286",4
"2M13265958-4744004",3
"2M17172157+4307408",4
"2M17311707-3950382",1
"2M18362003-2359514",4
"2M19104880-6008450",3
"2M18363817-2352500",4
"2M16233365-2631157",1
"2M13265927-4728027",8
"2M09120571-6446137",6
"2M18362496-2400242",4
"2M13252237-4730523",3
"2M13263724-4728311",4
"2M13272185-4731242",5
"2M15185731+0203077",6
"2M13262808-4725122",4
"2M13260403-4730358",8
"2M09120413-6450223",6
"2M18363948-2355447",4
"2M01035207-7052547",7
"2M19110452-5953198",4
"2M13415459+2820595",7
"2M05241412-2431079",6
"2M01033568-7050560",6
"2M00252858-7200394",2
"2M17404654-5329417",5
"2M13422416+2826168",6
"2M00252809-7200454",2
"2M18544046-3026498",6
"2M13261833-4726257",8
"2M05140043-4004133",7
"2M18365524-2341032",4
"2M13273014-4724350",3
"2M09120856-6454006",6
"2M13420157+2819445",7
"2M18362658-2357533",4
"2M17404661-5342414",4
"2M13270169-4723510",7
"2M16232499-2629249",1
"2M18363952-2357572",3
"2M09122561-6452120",6
"2M19400557-3100342",4
"2M18370694-2352226",4
"2M13261191-4730361",3
"2M16221250-2629173",1
"2M16323692-1258519",1
"2M18362687-2406101",4
"2M13273027-4729219",4
"2M15183182+0203277",7
"2M13264005-4736094",8
"2M13273409-4734497",5
"2M19393505-3059366",8
"2M13274060-4735578",4
"2M19395738-3058323",5
"2M13252711-4732369",8
"2M00233099-7154241",2
"2M13255549-4717220",4
"2M17400727-5342321",5
"2M15181765+0210375",6
"2M13263358-4741047",4
"2M13271419-4722259",4
"2M00213685-7204435",2
"2M00235584-7154178",2
"2M17024453-2616377",6
"2M17024371-2620183",8
"2M13255970-4724059",3
"2M13260779-4725284",1
"2M00245893-7200253",2
"2M18013319-2649277",7
"2M18364826-2357135",5
"2M19090450-5953519",8
"2M10174905-4624586",7
"2M13264947-4736589",3
"2M18360674-2349535",3
"2M17411222-5338518",3
"2M13264067-4733077",4
"2M13262740-4726066",5
"2M19533593+1847564",2
"2M13251488-4748287",5
"2M13255267-4745261",8
"2M00242695-7158533",2
"2M15184035+0158187",6
"2M13265679-4738515",3
"2M13270398-4732472",4
"2M01033064-7050104",7
"2M13262428-4737137",3
"2M00214334-7157069",2
"2M18365100-2339209",3
"2M13262253-4729315",5
"2M13125725+1806050",4
"2M00231750-7205345",2
"2M16234431-2636052",3
"2M17404095-5344532",8
"2M13262316-4731507",4
"2M13280413-4724499",4
"2M13254413-4727124",4
"2M13262860-4716576",3
"2M19104208-6005294",7
"2M16233892-2632035",1
"2M16564584-0401260",4
"2M13264489-4730520",1
"2M13272443-4726377",4
"2M00251919-7204454",2
"2M13264881-4746290",3
"2M16571425-0407101",3
"2M00243540-7159542",2
"2M13281405-4735465",3
"2M00262847-7150127",2
"2M10174150-4620511",7
"2M13265505-4722271",3
"2M10180011-4631100",6
"2M05242605-2431478",7
"2M15180537+0202015",6
"2M16233346-2649044",1
"2M17030676-2614335",4
"2M16234692-2633439",1
"2M19112921-5953317",4
"2M16414528+3631068",8
"2M16240321-2620238",1
"2M00241849-7201008",2
"2M17410642-5351036",3
"2M00224362-7200456",2
"2M05240938-2433300",6
"2M13255328-4727398",4
"2M00261933-7205481",2
"2M05135356-3955179",6
"2M01022539-7045194",6
"2M01023763-7050370",6
"2M13265858-4749087",3
"2M15182936+0207499",6
"2M00524957-2642106",1
"2M13261696-4722578",8
"2M17401283-5343118",4
"2M21300988+1210524",3
"2M13270672-4712043",3
"2M13263895-4743584",4
"2M13271029-4712532",3
"2M19113852-5957466",4
"2M13273259-4722478",4
"2M16231395-2633244",1
"2M13263894-4725298",3
"2M00212577-7207503",2
"2M16411961+3641229",8
"2M16571908-0416567",4
"2M13423922+2827574",7
"2M19103224-5957073",6
"2M13270546-4724369",1
"2M16231655-2632095",1
"2M13420068+2820588",7
"2M13165764+1738050",4
"2M19534480+1845486",2
"2M13261733-4729379",4
"2M09112230-6452309",6
"2M17310020-2959415",6
"2M00243916-7154281",2
"2M13415789+2821525",5
"2M13253994-4731020",8
"2M15184346+0203074",6
"2M13261662-4719589",1
"2M13272711-4722505",3
"2M15183263+0202199",6
"2M00254411-7159401",2
"2M15184103+0202242",6
"2M13263201-4721288",8
"2M17310160-2959048",6
"2M13415752+2808309",7
"2M13264474-4724195",8
"2M13275114-4745224",3
"2M01031474-7050588",6
"2M00240280-7158179",2
"2M13274390-4730245",4
"2M13245993-4728085",8
"2M13255407-4723031",7
"2M13271790-4723216",8
"2M15183057+0205395",7
"2M16233236-2626205",1
"2M00225986-7201335",2
"2M05140179-4002525",6
"2M13272645-4734018",8
"2M13270041-4739163",3
"2M19103630-5948133",4
"2M13264457-4722472",3
"2M13252104-4729104",3
"2M13255750-4725547",3
"2M18363901-2358228",3
"2M00235465-7156259",2
"2M13261954-4716345",5
"2M13265507-4714490",8
"2M19105623-5954216",4
"2M13243911-4714012",3
"2M13274548-4715441",4
"2M00223060-7212533",2
"2M17410385-5334382",4
"2M16573484-0407081",5
"2M15182917+0159269",7
"2M13273603-4725318",4
"2M18363282-2354214",7
"2M13260174-4740335",7
"2M18361775-2353389",3
"2M00235967-7145258",2
"2M16243654-2630158",1
"2M13265221-4723267",5
"2M09114260-6454206",7
"2M13262250-4724378",5
"2M18363288-2354586",7
"2M00525490-2633323",5
"2M13271192-4729177",8
"2M19395861-3043330",3
"2M05140458-4003357",6
"2M09131144-6450449",6
"2M13265132-4731190",8
"2M17142865-2927003",2
"2M18355596-2354555",4
"2M13272114-4725282",8
"2M13265785-4717183",1
"2M13262260-4744058",5
"2M21295357+1209106",8
"2M17400167-5342545",4
"2M17362855-4440095",6
"2M19395251-3055028",4
"2M13255010-4735149",4
"2M16571038-0404017",3
"2M13280245-4738255",3
"2M13263499-4727049",4
"2M16471308+4732430",7
"2M10174856-4618581",7
"2M18032356-3001588",6
"2M13263348-4725469",4
"2M17023435-2616386",6
"2M13255301-4732544",3
"2M13254402-4721150",5
"2M13263877-4725173",8
"2M13253887-4737520",8
"2M00244395-7203004",2
"2M16224384-2631229",1
"2M00220714-7200328",2
"2M10161408-4626497",7
"2M16471761-0159356",5
"2M00214990-7211021",2
"2M13260812-4726523",5
"2M09115725-6452048",6
"2M19534990+1849467",2
"2M13262615-4724392",7
"2M16241966-2626351",1
"2M17411890-5329350",3
"2M13265581-4722018",8
"2M17361421-3834371",2
"2M13265339-4737301",4
"2M13270699-4725583",3
"2M16234090-2624169",1
"2M13263233-4737457",4
"2M16224837-2635094",1
"2M17401411-5343192",4
"2M01030357-7056074",7
"2M00255867-7159141",2
"2M13270758-4720251",3
"2M13265398-4723065",8
"2M18544474-3026168",6
"2M21332616-0045172",7
"2M13422815+2818523",7
"2M19112032-5953182",6
"2M17400804-5337290",5
"2M18362289-2355389",3
"2M13263004-4750178",5
"2M19113940-5948594",6
"2M13271402-4739132",8
"2M19094462-6004512",4
"2M00200957-7203031",2
"2M13254719-4722001",5
"2M13260875-4728194",1
"2M13270008-4738049",8
"2M10172472-4624303",7
"2M13271789-4726517",1
"2M10181355-4619424",7
"2M17171824+4309313",8
"2M13255120-4727018",5
"2M13264119-4720442",3
"2M00255185-7156434",2
"2M16571554-0406000",4
"2M00214368-7205162",2
"2M18353122-2357522",3
"2M09112424-6446045",6
"2M18544834-3026384",6
"2M13254564-4726067",4
"2M18545434-3028458",6
"2M13262076-4727550",8
"2M18362777-2357540",8
"2M09123525-6454037",6
"2M13264233-4713191",8
"2M15182283+0203097",6
"2M13422481+2820035",7
"2M16244648-2628466",1
"2M16232674-2632388",1
"2M16234732-2622300",1
"2M19103420-5949197",4
"2M00523998-2633498",5
"2M13254314-4724406",3
"2M19534471+1852462",2
"2M13262619-4727022",4
"2M16424322+3636002",7
"2M13264099-4732497",1
"2M19101506-5955523",4
"2M13251351-4720398",3
"2M21291235+1210498",8
"2M00212932-7153001",2
"2M05241674-2432343",6
"2M13253067-4714591",7
"2M13255348-4730451",8
"2M16235890-2633503",1
"2M13252755-4727321",8
"2M00220591-7207490",2
"2M18072226-2500325",6
"2M13262402-4726332",8
"2M13264664-4711068",8
"2M00250540-7201432",2
"2M13270249-4735463",5
"2M13300000-4707444",4
"2M09122504-6453371",6
"2M13275626-4732277",3
"2M10155094-4621158",6
"2M21302967+1220109",8
"2M13254935-4722538",5
"2M13255561-4715378",3
"2M13261648-4732385",8
"2M13260648-4737308",3
"2M13271345-4717258",4
"2M05234732-2430376",6
"2M13262202-4735554",4
"2M13264530-4727565",6
"2M13264562-4739535",3
"2M16570733-0407262",6
"2M18013622-2650256",6
"2M09123168-6449222",6
"2M18362162-2353469",3
"2M13250610-4729516",3
"2M00225491-7210523",2
"2M18364704-2404418",5
"2M13263182-4723249",4
"2M18073271-2500281",6
"2M17024325-2618436",5
"2M13265370-4723401",3
"2M00222582-7207072",2
"2M13271869-4725577",4
"2M18544848-3031588",7
"2M13262665-4725092",4
"2M15182126+0204081",6
"2M13255107-4720101",4
"2M13262451-4709113",3
"2M13275175-4723414",8
"2M21325385-0053569",6
"2M16571126-0407476",5
"2M17404255-5334281",4
"2M13270746-4724596",5
"2M19115477-5959154",8
"2M16570825-0409510",7
"2M13282129-4720301",5
"2M17024979-2613193",4
"2M13263926-4720347",8
"2M13262320-4732024",8
"2M17391936-5341448",3
"2M17023856-2617209",5
"2M13270089-4729320",3
"2M13253597-4731309",7
"2M13271698-4719282",4
"2M13270788-4733068",4
"2M00235053-7204213",2
"2M18014773-2749465",1
"2M13261459-4724512",1
"2M13261857-4730313",5
"2M16231672-2634279",1
"2M13260563-4727225",3
"2M13260749-4725181",4
"2M18370732-2349188",3
"2M17024216-2616521",4
"2M16234225-2632061",1
"2M19400241-3047084",8
"2M09121847-6451306",6
"2M18364560-2355068",3
"2M19540228+1842447",2
"2M00524379-2638018",3
"2M09112600-6453371",7
"2M13252131-4736540",7
"2M13261159-4725143",8
"2M13414576+2824597",7
"2M00225245-7208555",2
"2M17170908+4308398",8
"2M19532826+1841584",2
"2M00252866-7201200",2
"2M12400886-2654061",3
"2M13260041-4734308",3
"2M13271053-4737004",8
"2M13270534-4728534",4
"2M00223377-7202103",2
"2M05241446-2430493",6
"2M13273964-4730209",3
"2M19535351+1847033",2
"2M13263750-4729344",7
"2M21332216-0048247",6
"2M13424279+2813196",5
"2M10174254-4627154",7
"2M13263498-4736261",5
"2M16322403-1302105",1
"2M01033493-7048078",6
"2M13264239-4734101",5
"2M16322531-1303076",1
"2M13424150+2819081",7
"2M18594898-3635401",1
"2M18360991-2356043",3
"2M13243103-4730094",3
"2M09114993-6451108",6
"2M16571764-0408452",8
"2M18360122-2348521",4
"2M16232982-2623253",1
"2M13265493-4740517",4
"2M17023443-2614277",4
"2M17024538-2613360",8
"2M12391586-2645147",5
"2M19105749-6004353",5
"2M17411668-5345126",4
"2M17402792-5337093",4
"2M16414804+3631392",4
"2M18552216-3027527",6
"2M13271864-4730509",3
"2M00525287-2635201",1
"2M10172319-4623220",7
"2M13264822-4732412",1
"2M13420386+2814395",7
"2M13124393+1810092",7
"2M13254409-4721089",4
"2M18363198-2353171",8
"2M18551535-3024142",7
"2M13271685-4716147",3
"2M18365865-2344128",3
"2M13251488-4724454",8
"2M09113162-6454579",6
"2M13261594-4726421",4
"2M09115118-6448375",7
"2M16422603+3627048",5
"2M13273980-4743490",3
"2M21295560+1212422",4
"2M09123277-6444437",7
"2M16472283-0158239",1
"2M19114289-5954244",4
"2M09123986-6455430",7
"2M05243100-2431208",5
"2M18545920-3028403",6
"2M00523847-2631198",3
"2M16565083-0404130",4
"2M13265490-4721051",7
"2M00252511-7158517",2
"2M13265851-4723452",8
"2M00241889-7201339",2
"2M17361595-4443486",6
"2M13265189-4723468",4
"2M16225186-2640469",1
"2M19095798-5957152",3
"2M19110397-6014309",5
"2M16471235-0153543",4
"2M16564717-0408471",5
"2M13260935-4736011",4
"2M01022251-7051570",7
"2M12390377-2651202",3
"2M13261182-4737215",3
"2M17395977-5345039",4
"2M13255760-4731282",8
"2M10171382-4623259",7
"2M09111338-6457573",6
"2M16565475-0410556",5
"2M16234967-2642545",1
"2M13260880-4730345",3
"2M13253904-4718270",8
"2M18071190-2458586",3
"2M18592786-3636509",1
"2M13264541-4726222",3
"2M13262834-4726103",8
"2M13272962-4723277",3
"2M18362035-2357454",5
"2M10174661-4626160",6
"2M19534992+1841255",2
"2M19102316-6007047",4
"2M13271132-4724028",3
"2M09115540-6453102",6
"2M16232437-2632284",1
"2M10173685-4623120",6
"2M16232912-2630297",1
"2M10165495-4623196",5
"2M17403393-5344071",4
"2M18361814-2351240",5
"2M13262601-4721433",8
"2M13272224-4724516",4
"2M18363260-2348585",5
"2M13271582-4727546",4
"2M16232776-2638156",1
"2M19534108+1844112",2
"2M13262549-4724291",8
"2M13275371-4724421",1
"2M13254864-4739458",3
"2M16320891-1300161",1
"2M16412709+3628002",7
"2M17171531+4309465",3
"2M00253108-7202455",2
"2M18544275-3029012",7
"2M17143640-2928513",2
"2M21300420+1208275",4
"2M19110330-5959272",8
"2M15190244+0213503",6
"2M00231829-7209398",2
"2M10173811-4622393",7
"2M18551166-3028008",6
"2M19101264-5957363",8
"2M15181912+0203272",6
"2M09121166-6449035",7
"2M13262914-4727012",5
"2M13251186-4731006",3
"2M15182634+0206502",7
"2M09120438-6451243",7
"2M13265493-4724222",5
"2M13265831-4730108",8
"2M13260230-4741121",3
"2M17310045-2959502",7
"2M18361229-2353560",5
"2M13263929-4720555",5
"2M19112271-5958034",4
"2M21295028+1209027",8
"2M10174330-4624389",6
"2M19534575+1847547",2
"2M17273185-3048156",2
"2M19080290-6000366",4
"2M00204121-7202433",2
"2M17401723-5341573",4
"2M05241580-2429525",7
"2M13260299-4728594",8
"2M17342177-3906173",2
"2M13254692-4733171",1
"2M16231153-2626407",1
"2M18072123-2502436",6
"2M18134151-3148556",1
"2M13251810-4719297",8
"2M18360643-2349350",4
"2M18551026-3033406",6
"2M13245043-4732430",4
"2M06485888-3601165",3
"2M13274002-4723575",5
"2M18360484-2347074",4
"2M19105230-5957423",4
"2M13420986+2823043",6
"2M19395396-3057390",6
"2M13273669-4738325",4
"2M10174747-4623538",7
"2M13270244-4721069",8
"2M13253398-4721500",3
"2M18361538-2353471",7
"2M17361331-3833304",2
"2M13261456-4721229",4
"2M16414081+3634114",7
"2M16240120-2631326",1
"2M13274016-4733244",8
"2M13273661-4725046",5
"2M18355631-2409188",4
"2M01030778-7049464",6
"2M13270589-4727032",4
"2M00225403-7205169",2
"2M05135945-4005225",5
"2M13254839-4741144",5
"2M18364306-2400241",4
"2M13264100-4715383",5
"2M10173270-4625450",6
"2M18364602-2359157",4
"2M13260490-4731076",4
"2M16234053-2645249",1
"2M13275484-4735182",3
"2M13273206-4728228",7
"2M13273296-4735499",3
"2M00241961-7157141",2
"2M00231770-7205589",2
"2M16323361-1259410",1
"2M13254701-4727445",3
"2M00225819-7210003",2
"2M21332527-0049386",6
"2M13265588-4735187",5
"2M13263146-4722515",3
"2M19110196-6003329",8
"2M13411502+2824120",6
"2M18550076-3034068",7
"2M13265386-4737452",3
"2M16565514-0412188",8
"2M16565115-0402533",5
"2M19103649-5956076",8
"2M16472224-0157102",1
"2M16321394-1301086",1
"2M18013908-2650594",7
"2M13421553+2821237",7
"2M19105758-5959320",3
"2M00255712-7157118",2
"2M15183679+0206171",6
"2M13265319-4727004",8
"2M10173078-4628356",7
"2M16234798-2632428",1
"2M13260377-4746394",3
"2M16231503-2625546",1
"2M21294993+1208052",3
"2M19085558-6016324",4
"2M16233795-2628413",1
"2M19104123-6004367",8
"2M13244484-4720462",4
"2M13270053-4726415",5
"2M17023595-2615342",4
"2M13274064-4723189",4
"2M16234975-2628517",1
"2M17405369-5334132",5
"2M13271857-4736223",3
"2M17163903-2807212",2
"2M01025859-7051533",6
"2M13261740-4726306",7
"2M17165557+4309277",3
"2M13270924-4736360",5
"2M18362952-2405063",4
"2M13410322+2826217",7
"2M13260925-4721051",4
"2M19400012-3044361",4
"2M00253046-7158071",2
"2M00220995-7203195",2
"2M00222556-7153222",2
"2M00223195-7206489",2
"2M00224896-7155343",2
"2M00225680-7158291",2
"2M00230182-7203068",2
"2M00231878-7159552",2
"2M00232080-7155093",2
"2M00233019-7135539",2
"2M00233813-7204395",2
"2M00235186-7205011",2
"2M00235241-7155502",2
"2M00240404-7156262",2
"2M00240449-7157112",2
"2M00240996-7202592",2
"2M00241193-7151526",2
"2M00241254-7155158",2
"2M00241531-7202231",2
"2M00242863-7155159",2
"2M00243138-7201254",2
"2M00243984-7202295",2
"2M00244100-7158186",2
"2M00250693-7203064",2
"2M00250716-7200415",2
"2M00253093-7204198",2
"2M00254556-7200404",2
"2M00255366-7152071",2
"2M00255446-7201491",2
"2M00262629-7200544",2
"2M00263341-7204532",2
"2M00263501-7206444",2
"2M00523129-2639008",3
"2M00523890-2635317",1
"2M00524655-2631523",3
"2M00524910-2640072",5
"2M00525215-2629455",3
"2M00525845-2636062",5
"2M01030849-7045280",6
"2M01031840-7051505",7
"2M01032407-7047506",6
"2M01032522-7049591",6
"2M01032882-7049527",6
"2M01033301-7049372",6
"2M01033557-7051288",6
"2M01040988-7049420",6
"2M05134480-4000280",6
"2M05135302-4000429",7
"2M05135462-4005094",7
"2M05140132-4002058",6
"2M05140418-4003223",6
"2M05140431-4002468",6
"2M05140584-4002126",7
"2M05140837-4000501",6
"2M05141035-3958148",6
"2M05141446-4001109",6
"2M05240439-2431520",7
"2M05240912-2434160",7
"2M05240938-2432460",6
"2M05241110-2430184",7
"2M05241343-2428088",7
"2M05241793-2430580",7
"2M05241873-2430146",6
"2M06485916-3600503",7
"2M09112203-6454100",7
"2M09115296-6450479",7
"2M09115477-6450336",6
"2M09120249-6451100",6
"2M09120968-6447383",6
"2M09121527-6453072",6
"2M09121709-6452338",6
"2M09121969-6443557",7
"2M09122138-6456126",7
"2M09122993-6450113",7
"2M09123015-6449519",7
"2M09123477-6452454",7
"2M09123551-6450430",6
"2M09124003-6453358",7
"2M09130981-6452467",6
"2M09135425-6454345",7
"2M10154750-4625525",5
"2M10161456-4608599",7
"2M10162923-4620193",7
"2M10164308-4612312",7
"2M10164725-4616459",7
"2M10164858-4623058",7
"2M10164888-4618069",6
"2M10171057-4620107",6
"2M10171520-4629433",7
"2M10172063-4620079",6
"2M10172837-4619024",7
"2M10173485-4621446",6
"2M10173729-4620154",7
"2M10174206-4628297",7
"2M10174958-4626261",7
"2M10180150-4632342",6
"2M10180440-4639340",5
"2M10182117-4613313",7
"2M12391623-2647468",3
"2M12391893-2649418",5
"2M12391972-2644163",3
"2M12392465-2643331",5
"2M12392939-2644225",5
"2M12393083-2647526",5
"2M13131736+1814463",5
"2M13161223+1746228",5
"2M13162644+1740076",3
"2M13163595+1741127",4
"2M13163790+1745355",3
"2M13233428-4734432",3
"2M13243291-4721543",3
"2M13243407-4728452",3
"2M13243844-4736586",5
"2M13243893-4731381",3
"2M13243895-4715532",3
"2M13244387-4727030",4
"2M13245051-4725400",4
"2M13245418-4743535",5
"2M13245648-4744287",3
"2M13245940-4707091",7
"2M13250069-4719506",3
"2M13250590-4720486",5
"2M13250927-4730338",3
"2M13251015-4730495",3
"2M13251161-4727080",1
"2M13251253-4734294",3
"2M13251408-4726367",1
"2M13251525-4739515",3
"2M13251852-4724164",3
"2M13251897-4728509",7
"2M13251928-4735070",3
"2M13252770-4724458",3
"2M13252908-4738433",3
"2M13252924-4723060",8
"2M13253174-4723207",5
"2M13253265-4719121",3
"2M13253283-4729011",5
"2M13253438-4721538",3
"2M13253460-4727504",8
"2M13253538-4741479",3
"2M13253633-4732131",3
"2M13253662-4729036",3
"2M13253763-4716111",3
"2M13253773-4732474",8
"2M13253808-4724539",4
"2M13253874-4727582",8
"2M13253875-4728552",8
"2M13253950-4714055",4
"2M13254217-4733437",1
"2M13254241-4734531",8
"2M13254515-4732382",3
"2M13254631-4730283",8
"2M13254757-4732378",3
"2M13254886-4722355",4
"2M13254891-4733257",3
"2M13254952-4727203",5
"2M13255029-4738030",8
"2M13255090-4734015",8
"2M13255149-4728387",3
"2M13255163-4722080",5
"2M13255383-4730424",3
"2M13255404-4717062",4
"2M13255642-4724227",4
"2M13255679-4733547",3
"2M13255694-4739537",3
"2M13255725-4740242",1
"2M13255811-4724154",4
"2M13255815-4728323",4
"2M13255824-4722354",8
"2M13255859-4743352",4
"2M13255869-4723395",4
"2M13255871-4736098",4
"2M13255889-4723256",3
"2M13260009-4725379",4
"2M13260113-4716580",3
"2M13260125-4723555",4
"2M13260157-4737122",4
"2M13260160-4734298",8
"2M13260188-4726526",3
"2M13260281-4740558",5
"2M13260282-4721575",5
"2M13260315-4727221",1
"2M13260340-4734285",4
"2M13260369-4737066",3
"2M13260379-4728258",4
"2M13260411-4715150",3
"2M13260439-4725149",7
"2M13260553-4752555",4
"2M13260578-4733316",5
"2M13260605-4727593",4
"2M13260609-4722171",4
"2M13260613-4735096",3
"2M13260649-4732127",3
"2M13260688-4725173",6
"2M13260763-4732541",8
"2M13260773-4725538",3
"2M13260825-4736427",3
"2M13260836-4734087",8
"2M13260849-4724462",3
"2M13260924-4726108",3
"2M13261016-4742356",3
"2M13261061-4734495",8
"2M13261070-4728519",4
"2M13261177-4714172",1
"2M13261183-4730507",3
"2M13261184-4725021",5
"2M13261212-4727365",1
"2M13261225-4738026",5
"2M13261253-4722224",8
"2M13261276-4723080",3
"2M13261313-4734096",5
"2M13261430-4732231",8
"2M13261434-4733408",1
"2M13261471-4725224",7
"2M13261483-4735213",8
"2M13261541-4733081",3
"2M13261665-4726243",4
"2M13261776-4733145",7
"2M13261803-4730041",4
"2M13261808-4729171",4
"2M13261865-4733027",3
"2M13261869-4727328",8
"2M13261978-4720424",3
"2M13261982-4733255",3
"2M13261984-4733316",8
"2M13262016-4734395",8
"2M13262112-4727535",4
"2M13262124-4723483",3
"2M13262170-4741030",4
"2M13262215-4735248",3
"2M13262241-4734248",8
"2M13262279-4722439",8
"2M13262377-4737022",4
"2M13262415-4730580",8
"2M13262457-4724499",4
"2M13262462-4734456",5
"2M13262570-4734507",3
"2M13262719-4734156",1
"2M13262765-4740421",3
"2M13262813-4729158",5
"2M13262909-4735091",4
"2M13262910-4724032",5
"2M13262930-4731356",3
"2M13263102-4724052",5
"2M13263171-4716595",4
"2M13263190-4738210",3
"2M13263263-4725245",1
"2M13263304-4731003",7
"2M13263364-4735255",3
"2M13263396-4738336",8
"2M13263411-4723589",5
"2M13263574-4725243",8
"2M13263667-4722124",8
"2M13263730-4714451",3
"2M13263735-4735046",4
"2M13263745-4723287",8
"2M13263794-4727235",4
"2M13263798-4724434",3
"2M13263828-4723425",3
"2M13263924-4724385",8
"2M13263998-4712595",3
"2M13264023-4730009",5
"2M13264044-4721120",8
"2M13264093-4722571",4
"2M13264112-4714262",3
"2M13264262-4717107",8
"2M13264263-4736386",3
"2M13264309-4743347",3
"2M13264336-4727519",7
"2M13264434-4736459",4
"2M13264480-4723339",8
"2M13264504-4747355",4
"2M13264575-4726224",8
"2M13264627-4720408",3
"2M13264663-4718436",4
"2M13264686-4730575",4
"2M13264691-4724004",3
"2M13264710-4751255",3
"2M13264736-4721262",8
"2M13264760-4724394",5
"2M13264804-4731457",8
"2M13264910-4717344",5
"2M13264928-4733509",1
"2M13265010-4730556",4
"2M13265077-4727340",4
"2M13265123-4735082",8
"2M13265154-4721200",5
"2M13265434-4746051",4
"2M13265559-4735056",5
"2M13265576-4722593",8
"2M13265588-4746359",3
"2M13265592-4722213",8
"2M13265672-4745394",8
"2M13265767-4737258",4
"2M13265787-4709144",3
"2M13265830-4724520",7
"2M13270032-4732040",7
"2M13270116-4724402",8
"2M13270216-4719222",3
"2M13270220-4724313",4
"2M13270366-4724380",5
"2M13270400-4737442",3
"2M13270410-4744160",4
"2M13270470-4723408",4
"2M13270586-4711141",3
"2M13270691-4724233",3
"2M13270694-4737046",8
"2M13270834-4713004",5
"2M13270853-4717115",4
"2M13270922-4724211",5
"2M13270982-4734394",4
"2M13271114-4733556",8
"2M13271190-4746388",3
"2M13271206-4729449",8
"2M13271245-4729389",5
"2M13271523-4728392",3
"2M13271545-4728340",7
"2M13271613-4731044",4
"2M13271625-4741358",4
"2M13271640-4732569",5
"2M13271700-4729061",3
"2M13271847-4715427",3
"2M13271848-4724321",8
"2M13272008-4730279",5
"2M13272093-4729457",8
"2M13272143-4750558",3
"2M13272275-4721560",5
"2M13272304-4743555",3
"2M13272390-4724345",7
"2M13272417-4721302",4
"2M13272478-4724059",1
"2M13272514-4727587",1
"2M13272589-4711154",1
"2M13272603-4724251",3
"2M13272628-4732487",4
"2M13272636-4729170",1
"2M13272640-4743534",8
"2M13272797-4740162",3
"2M13272884-4737487",2
"2M13273167-4725341",8
"2M13273219-4726424",3
"2M13273242-4733078",7
"2M13273303-4726120",1
"2M13273345-4725276",8
"2M13273504-4745403",8
"2M13273612-4718198",3
"2M13273668-4721561",3
"2M13273702-4722328",8
"2M13273735-4728074",8
"2M13273849-4715385",3
"2M13274087-4732285",8
"2M13274143-4717267",3
"2M13274285-4734200",5
"2M13274370-4741073",8
"2M13274381-4723379",5
"2M13274404-4739299",4
"2M13274496-4728274",3
"2M13274643-4725255",4
"2M13274752-4734065",7
"2M13274944-4717577",3
"2M13275039-4715429",5
"2M13275057-4717392",8
"2M13275080-4720583",3
"2M13275113-4721279",3
"2M13275189-4750038",3
"2M13275449-4717255",3
"2M13275790-4719056",5
"2M13280073-4723152",3
"2M13280483-4745041",7
"2M13281357-4724235",3
"2M13413024+2822163",7
"2M13414426+2826048",7
"2M13415599+2823357",5
"2M13415760+2822350",5
"2M13420492+2822301",6
"2M13420678+2813228",7
"2M13420729+2817400",7
"2M13421204+2826265",7
"2M13421659+2823020",6
"2M13421801+2820197",6
"2M13421917+2823487",6
"2M13421985+2824515",7
"2M13422091+2824011",6
"2M13422216+2817065",7
"2M13422387+2824418",7
"2M13422627+2818480",5
"2M13423548+2819583",7
"2M13423753+2816374",6
"2M13425291+2809446",3
"2M13430874+2812335",7
"2M15180013+0209292",6
"2M15182345+0159572",6
"2M15182717+0159524",6
"2M15182919+0202113",6
"2M15184015+0154369",7
"2M15184495+0202034",6
"2M15191912+0202334",6
"2M15192875+0206510",6
"2M16225800-2628463",1
"2M16230063-2618065",1
"2M16230267-2629282",1
"2M16230368-2634550",1
"2M16230960-2631053",1
"2M16231194-2644369",1
"2M16231204-2630540",1
"2M16231729-2624578",1
"2M16232139-2631093",1
"2M16232169-2626468",1
"2M16232488-2631474",1
"2M16232725-2635363",1
"2M16233236-2629222",1
"2M16233293-2627501",1
"2M16233520-2632323",1
"2M16233592-2633344",1
"2M16233860-2629159",1
"2M16233885-2625427",1
"2M16234279-2629276",1
"2M16234308-2628074",1
"2M16234802-2636436",1
"2M16235358-2634151",1
"2M16235611-2631306",1
"2M16235736-2629320",1
"2M16235874-2624289",1
"2M16240766-2634251",1
"2M16240898-2622404",1
"2M16242276-2628364",1
"2M16242964-2628168",1
"2M16244817-2644029",1
"2M16322112-1302516",2
"2M16322307-1258311",1
"2M16322932-1259317",1
"2M16410648+3628136",6
"2M16411583+3633177",3
"2M16412408+3625306",7
"2M16413684+3629289",7
"2M16414558+3630328",6
"2M16414744+3628284",6
"2M16421650+3626137",4
"2M16421985+3629461",8
"2M16423787+3624127",6
"2M16470753-0157022",6
"2M16471050-0200025",5
"2M16471196-0158195",5
"2M16471631-0158158",5
"2M16472533-0154146",5
"2M16565095-0409211",3
"2M16565359-0408144",5
"2M16565433-0405359",4
"2M16565506-0402168",7
"2M16565710-0402312",5
"2M16565733-0408287",5
"2M16565831-0408052",5
"2M16570550-0408364",4
"2M16570675-0403104",6
"2M16571018-0406099",7
"2M16571117-0403190",8
"2M16571373-0408352",5
"2M16571405-0410438",5
"2M16571442-0411113",5
"2M16571608-0404329",5
"2M16571876-0405194",5
"2M17022085-2620171",4
"2M17022912-2617443",5
"2M17023301-2615360",4
"2M17023388-2607556",5
"2M17023529-2613089",5
"2M17023726-2615560",4
"2M17023942-2616416",6
"2M17023946-2615017",5
"2M17024119-2614325",3
"2M17024261-2616262",4
"2M17024377-2615526",4
"2M17024412-2616495",4
"2M17024453-2618589",5
"2M17024618-2615261",4
"2M17024627-2614484",4
"2M17024717-2615107",5
"2M17024838-2615546",4
"2M17024937-2616484",4
"2M17025927-2616423",4
"2M17142716-2929529",2
"2M17143573-2927050",2
"2M17164482-2808302",2
"2M17170081+4310251",4
"2M17170709+4309362",8
"2M17170807+4310448",5
"2M17171043+4311076",3
"2M17171342+4308305",5
"2M17273540-3047308",2
"2M17305424-3950496",4
"2M17305774-2957404",1
"2M17305949-3000019",5
"2M17310187-3950066",4
"2M17310541-2958416",5
"2M17310703-2959376",6
"2M17312661-3951342",3
"2M17332090-3322320",6
"2M17342693-3904060",2
"2M17343616-3903344",2
"2M17355001-4440376",6
"2M17355598-4444428",6
"2M17360034-3835151",2
"2M17360758-4442390",6
"2M17361139-4445599",6
"2M17361514-4445059",6
"2M17393475-5341157",4
"2M17394134-5342275",5
"2M17394781-5341066",3
"2M17395992-5335191",4
"2M17400658-5340283",4
"2M17402051-5342443",4
"2M17402321-5339188",3
"2M17402407-5342527",4
"2M17402817-5337257",4
"2M17402849-5341018",4
"2M17402864-5338323",4
"2M17403056-5342112",4
"2M17404221-5341230",4
"2M17404476-5344058",3
"2M17404525-5341049",4
"2M17404736-5339487",4
"2M17404922-5326297",3
"2M17405300-5337491",4
"2M17410347-5342121",4
"2M17411073-5335345",5
"2M17412641-5334462",4
"2M17434071-2613528",2
"2M17480668-2447374",2
"2M18013889-2650118",7
"2M18015592-2749451",1
"2M18033819-3000515",6
"2M18071050-2458361",4
"2M18071622-2457231",5
"2M18071923-2500317",4
"2M18071947-2500517",5
"2M18072003-2502407",4
"2M18072230-2458509",5
"2M18072612-2457497",4
"2M18072927-2502396",4
"2M18121361-2245172",2
"2M18133620-3149040",1
"2M18133789-3147295",2
"2M18315401-2328338",1
"2M18315544-2326525",6
"2M18352465-2356029",4
"2M18352706-2402370",3
"2M18353413-2359064",3
"2M18353544-2348160",7
"2M18354120-2351024",4
"2M18354131-2405456",3
"2M18354528-2405036",4
"2M18354905-2353218",3
"2M18354996-2355000",4
"2M18355518-2354406",7
"2M18355566-2356071",4
"2M18355579-2347350",4
"2M18360330-2400080",4
"2M18360861-2357201",5
"2M18361022-2348444",6
"2M18361073-2351348",3
"2M18361160-2352066",3
"2M18361211-2355433",4
"2M18361585-2358140",4
"2M18361628-2346353",4
"2M18361767-2357048",4
"2M18361774-2354478",4
"2M18361778-2354327",5
"2M18361950-2352252",3
"2M18362063-2401108",3
"2M18362145-2347379",5
"2M18362197-2348039",3
"2M18362311-2356511",7
"2M18362428-2349337",3
"2M18362527-2345336",4
"2M18362598-2355586",8
"2M18362613-2354510",5
"2M18362663-2353168",4
"2M18362702-2352184",4
"2M18363098-2349536",3
"2M18363216-2356043",4
"2M18363282-2351112",4
"2M18363397-2404419",5
"2M18363472-2352014",7
"2M18363724-2358597",3
"2M18363741-2351564",3
"2M18363747-2354170",5
"2M18364162-2349320",5
"2M18364485-2401571",4
"2M18364496-2358596",4
"2M18365118-2351336",4
"2M18365386-2350496",3
"2M18365958-2354415",4
"2M18370570-2352047",3
"2M18550152-3023072",6
"2M18550247-3031314",7
"2M18550293-3029523",7
"2M18550560-3026332",8
"2M18551171-2242420",5
"2M18552660-3025543",6
"2M18552982-3028545",7
"2M18594472-3639043",6
"2M19090865-6009251",8
"2M19093295-5957338",8
"2M19094430-6015004",8
"2M19095219-5957438",8
"2M19095631-5951276",4
"2M19100551-5943257",6
"2M19100895-5959022",6
"2M19102039-6001565",4
"2M19102705-6008405",8
"2M19103388-6006048",3
"2M19103867-5954507",8
"2M19104533-5944306",3
"2M19105903+0103142",2
"2M19110769-6001239",3
"2M19111990-6009027",8
"2M19113048-5954343",6
"2M19113192-5958371",4
"2M19113265-6000021",8
"2M19113471-5951018",5
"2M19114668-5958086",8
"2M19115324-5953501",4
"2M19120432-5951550",3
"2M19120559-6001164",3
"2M19121181-5950266",3
"2M19392429-3053510",4
"2M19393734-3057322",7
"2M19394498-3100137",5
"2M19394647-3057463",4
"2M19395055-3058294",3
"2M19395061-3055421",5
"2M19395107-3056275",5
"2M19395453-3056269",5
"2M19395601-3055169",7
"2M19395964-3055100",4
"2M19400535-3053118",4
"2M19400785-3102131",7
"2M19400853-3050167",5
"2M19532580+1850334",2
"2M19533893+1843111",2
"2M19534061+1848284",2
"2M19534103+1846056",2
"2M19534288+1846374",2
"2M19534477+1846349",2
"2M19534576+1842360",2
"2M19534838+1848449",2
"2M19534870+1848327",2
"2M19535009+1851185",2
"2M21290843+1209118",8
"2M21295082+1211301",8
"2M21295145+1208105",3
"2M21295519+1211432",4
"2M21300053+1211369",8
"2M21300480+1211469",3
"2M21300733+1209378",8
"2M21331723-0048171",7
"2M21332531-0052511",7
"2M21333747-0047252",5
